005fe92412f95725bb9fecf9e57171f3c4aa4ad1,5.50141143798828,0.922862887382507,0.068977564573288,-42.1519454625937,193.579664509959,89.0,1.01290571689606,1,0.0381689630448818
00e8ed7435c5454bf7b45910effc191d19aa34c8,3.77731323242187,0.924743592739105,0.0286841280758381,-45.8704444032449,204.955685038221,92.0,1.23540389537811,2,0.0597682669758797
0bf03cbb755540ba882440392f31ea0a66de992e,3.0065746307373,0.967737019062042,0.0229947194457054,-37.3259791399424,192.680708074323,89.5618209838867,1.22536182403564,2,0.060309037566185
0c7859e2966985aecf3ca70a8396fd18c61589fb,2.40802478790283,0.970846056938171,0.0272568799555302,-30.0560687975242,514.318824287269,142.059967041016,1.24088752269745,7,0.0989178493618965
0d43c9dc385da27797ed875b6fbf827609de94b0,3.07918453216553,0.972413957118988,0.0755088329315186,-32.5784682493943,583.898916908934,84.4129486083984,1.24883008003235,7,0.121381789445877
0da0587ee18e06568e31a8e54229e231073024df,3.46965599060059,0.952354669570923,0.0638663619756699,-34.2449005475411,294.160203734694,76.0,1.17681324481964,3,0.0558984987437725
0dd7ddc68bf21952d37515dd03bf247a85b8d7c0,1.14336395263672,0.978954613208771,0.0830435529351234,-39.3255636554498,834.571703424964,133.578430175781,1.66372406482697,7,0.109632395207882
0851bd7fe7ba33245078e3b3850a37ba76fef52d,5.4415225982666,0.737439453601837,0.0118339462205768,-51.0879275890497,331.161967856458,77.0,1.24486029148102,1,0.0732725411653519
0d58390337016096ce9849c47558bb3adb7acb2b,2.62510585784912,0.964963018894196,0.0556753799319267,-35.9712605843177,232.131606260978,105.223266601562,1.24639332294464,2,0.0677036270499229
0f2af33b0ee0f8a26bd88d02d6e67fe8d6ce4740,3.08026218414307,0.95428603887558,0.0534787550568581,-42.3765672651621,271.801335715746,97.9811096191406,1.52998769283295,3,0.0832836255431175
102829a24187ad23f86c54a07bf1e9bd426874b5,2.89070510864258,0.960115730762482,0.0319366045296192,-42.1974734016336,826.506654662815,89.5862350463867,1.24645447731018,3,0.105144277215004
1c569ba75765a530e3db181231e99b906df82b65,2.38409996032715,0.977791845798492,0.0731896162033081,-30.6308616514389,399.586121427038,76.0,1.2064083814621,2,0.0680109187960625
1d6c47469bae770da4a0d1bc0916da7af4b71f71,18.5379829406738,0.000525150680914521,0.000552377663552761,-56.6681920800072,296.708959876597,103.615592956543,0.980809330940247,3,0.0544599480926991
1e458b812ff567b4e869d2401d9b779e991602b3,3.6563720703125,0.948666274547577,0.0368473865091801,-37.7111359009376,281.224446965235,101.851715087891,1.10399210453033,3,0.0849767401814461
1f103e7fc49ac9ef71ea52d391ec6e07a7c65328,5.08939075469971,0.951759874820709,0.0381411388516426,-36.711407996141,390.2801011685,105.399536132813,1.20386433601379,2,0.0759214237332344
2e4bf228486e0c7ed83220dc6b1af7ea917f047a,2.26207160949707,0.980407893657684,0.0720864161849022,-34.6624446029846,289.58164295547,92.0608520507813,1.50298833847046,2,0.0577136278152466
20a4e1ca1133fade495c05df066be84946ac3fca,5.58711624145508,0.863883435726166,0.0189007222652435,-41.1615206553386,178.164020596596,79.162223815918,1.03267204761505,2,0.0446175709366798
21e56264751a2c680f65cf8896e82a041443bce8,1.20525646209717,0.981360077857971,0.0746536254882812,-34.0420255202514,371.505385879876,132.88459777832,1.22861921787262,7,0.0868837609887123
22af4db3d4522b6568703818b04729898d0184ea,1.48074531555176,0.969181597232819,0.0662995874881744,-34.4667425121252,212.299607827676,140.0,2.04134583473206,3,0.0551626533269882
23ef1274d55b4841e45b990b516b8620b5d6f21e,1.96304130554199,0.97365528345108,0.0584839396178722,-38.0952173242202,443.956697091261,105.657913208008,1.21895909309387,3,0.0929136052727699
2f0a1226d2f17e5df748a24009770be494ea596b,2.99243068695068,0.973293900489807,0.067704401910305,-36.5635788990901,175.564183952776,133.970733642578,1.46016752719879,3,0.07450170814991
3c996aa5550c7f82080d5482aa2b52ea9718b4d2,2.70729732513428,0.972300708293915,0.0981836467981339,-30.9828912592851,467.745932645774,105.419967651367,0.992386817932129,2,0.0978438332676888
3dd180ac03d399bfa5ee01d7628e50924a8717e7,1.21264553070068,0.979442656040192,0.0655102580785751,-32.6780861306649,692.233780074906,220.0,1.59674477577209,7,0.127959191799164
3e03e8c80446aa5d75de37d06dc64b454d35675a,14.8918609619141,0.109692737460136,0.0219348575919867,-53.1518227137052,202.116962380921,75.2169494628906,0.876209795475006,1,0.0120875658467412
4058c123577c0ff7ff653b599fbcbcfac211c943,1.07005405426025,0.979015469551086,0.0395189672708511,-27.9751831201407,574.873550583906,129.766235351563,2.4763822555542,3,0.0697379261255264
40dffe305192dfd3313aabc6f2d035d3b316c48b,2.25027084350586,0.971937835216522,0.0268837511539459,-31.8551133252107,114.98845563498,106.943695068359,1.1849137544632,1,0.0204108078032732
4b507bc039f8986b3c0286aeb1e963a57dd53ebc,1.59655475616455,0.968555867671967,0.0479924716055393,-39.1083129736093,275.196729833382,74.0,1.23567605018616,2,0.029699606820941
4b65d8cfa2ab931c70a5e144c7512597875e5dda,2.46836757659912,0.973351240158081,0.0829564779996872,-33.325493647502,460.8447670273,120.108207702637,1.17200469970703,3,0.0954954624176025
4c1019e22de35f75573eb9278e1d07446fd9dde7,1.14585113525391,0.97871857881546,0.036513164639473,-35.6786188483238,492.785664350864,130.033218383789,2.12686204910278,7,0.100962698459625
314a46876f2096b2cecd683ce9a9af3fcdfa8934,10.21897315979,0.700567066669464,0.0289836525917053,-39.740891871544,175.771501127326,85.5655899047852,0.907464265823364,2,0.0271990951150656
38c3752b27c96ba4f0159d0b84dd5a47720a3b91,3.68750762939453,0.90667462348938,0.0352413319051266,-32.3174946124737,724.672308026677,240.0,0.998065412044525,7,0.126174941658974
4ca837c390dc6a05aae2f590bbc2aa6a5d495c10,8.47275924682617,0.823703527450562,0.0248419567942619,-51.0945292252761,217.494591940703,60.0,0.968300938606262,1,0.0272623617202044
5ef891d85496c82eb0637f34ece788bce682a159,0.42041015625,0.98260897397995,0.0334546118974686,-27.112556219101,409.182036630264,140.0,2.63789057731628,3,0.0708827376365662
07529ce5c1a49c4a897f1cca50fa0819c9f395ba,7.49556159973145,0.954008519649506,0.0701225399971008,-38.9119111815324,356.401747946992,87.6384811401367,0.943000793457031,2,0.0757700353860855
078d3e8584d6a4575e4a59c23a2a02fe495d1dff,1.71974563598633,0.975916743278503,0.0551245510578156,-36.1371923226577,166.76485602884,86.0,1.55533218383789,2,0.0479435548186302
5f7af52180f076f073e414b73201ca5a97f4a08a,0.659744262695312,0.989226579666138,0.0744447410106659,-24.8489398406102,596.558930001136,119.858924865723,3.30784273147583,3,0.113446429371834
50e5900fe61d5b9e409bdb548fedaa3ec09b2ae0,1.21322727203369,0.973087966442108,0.0437181927263737,-29.0175373966877,424.767668005611,140.797943115234,1.47776985168457,7,0.0819768831133842
55654f0100a8c45689884a4e3c007da348f65d78,2.63124465942383,0.947374701499939,0.0755753517150879,-32.1087786899163,330.052374517807,70.0,1.06299114227295,2,0.0620473474264145
5a0fdb0a9b0ccfb9dc50e1facae54217f7b5188b,1.9582691192627,0.961756527423859,0.0293986480683088,-40.3693669254963,218.549054258987,86.7835845947266,1.38510942459106,1,0.0344219617545605
1cea2d62728d406f0dc711f2b8f08a6add1abdfe,2.66547393798828,0.963980197906494,0.0153254130855203,-29.8827928786094,138.191477728342,92.4575576782227,1.10703694820404,1,0.0265837572515011
6c13a522380a81e604f8e7e88b2488b18fbc1ab5,3.40110397338867,0.945276439189911,0.0616128034889698,-38.2214256249941,458.277743959023,76.0,0.931488394737244,3,0.111696071922779
6d83d07d63d6cad79505b146ed32cbf5320349b7,1.75267601013184,0.966658651828766,0.0564477480947971,-36.5826086837512,292.948413758896,85.0255279541016,1.41215085983276,2,0.091026172041893
6e2a330fa47c8da869d4f678f37bac6d7e79e6e3,2.28243827819824,0.962508738040924,0.0609751716256142,-43.7486015907847,293.886829162212,124.874366760254,1.60310709476471,3,0.0853405222296715
6e754df8a11f2677bc9b02d3e82f6642e8c412f8,2.13730812072754,0.927943408489227,0.0380903035402298,-50.9832676190596,204.293808253329,91.0404281616211,1.71948039531708,1,0.0224127229303122
6ea3d84cf42497d024ebe7595e3769535139460b,1.87784767150879,0.976193487644196,0.0433749556541443,-37.535097056964,184.530585165252,135.734756469727,1.35371923446655,1,0.031417578458786
6fc8821c503a9dec945ae74fcf5130a2c42322b8,5.17587471008301,0.821317851543427,0.0295231137424707,-51.8570295446194,729.964291791801,102.606956481934,1.2575763463974,3,0.0556748062372208
7aebee8a8c3b7304feac87c8f17da14212586966,1.00085258483887,0.979303121566772,0.0207418780773878,-33.2882482713232,482.770147131507,70.0,2.0491259098053,2,0.109900519251823
7ba7b6e0a2d618ec19d2e7a2180b4ce3f9b50cfa,2.56083679199219,0.979342639446259,0.0188473090529442,-31.6172032814759,423.921310621886,127.949607849121,1.68974554538727,3,0.0910683497786522
6dacbd098a43765eed0645c5d37fdf77120ead3a,2.21110057830811,0.931974411010742,0.0660088211297989,-35.1933740331576,150.587945647694,97.8931503295898,1.46587812900543,3,0.0477266423404217
702dd74cf9ec1d735f239670a81eecdff252a135,2.87201309204102,0.961259603500366,0.0650164261460304,-32.3976866786297,272.377608265108,114.961463928223,1.14818298816681,3,0.0818940326571465
74b3ec44ccb7afdcb66f2f959b2bcbfdd8c7a7df,1.0674877166748,0.980438351631165,0.0710786953568459,-36.582203571613,607.973362489568,75.0,1.39273035526276,3,0.0782012566924095
7fe0835ff3257c6539c4092d497d2e315fd6ef17,2.04012107849121,0.980040192604065,0.0946185067296028,-31.3373781477029,790.824251411922,190.0,1.43127882480621,7,0.127069696784019
8aae8552141ba091ef4f8d3bf42dcc2d8aeaab03,1.91599655151367,0.968777060508728,0.0410895869135857,-38.1149209921177,223.876438564048,100.597831726074,1.03009116649628,2,0.0439412295818329
8b26ec8e8624413ea75d1a3b26af657aa9f7ce76,1.35522365570068,0.964800715446472,0.0472668558359146,-32.3901966718527,650.958917550804,89.9640960693359,1.31204974651337,2,0.0885497629642487
8c40c719fa416462e3c85654890e9d5c9145e273,1.94017791748047,0.957428872585297,0.0345604605972767,-34.7874585470328,173.792851032323,76.0,1.09629988670349,3,0.0489889495074749
8c767117e240e5be66ce3f5e3b97ae82500a5663,2.66024208068848,0.971674203872681,0.0679248794913292,-32.1513883517339,779.506651168054,131.18180847168,0.903842687606812,3,0.0907023102045059
8dcba9fe056b1e4b86ced46e595eec60d2d0c785,2.66378211975098,0.975236296653748,0.0322415865957737,-31.0713522067437,242.580317196947,101.155967712402,1.32514905929565,2,0.0426149033010006
90c1111fdc63fee889e71031f0c69513062cf40d,3.40594673156738,0.964633047580719,0.0615265741944313,-36.386867926671,382.57622513185,104.81127166748,1.21532237529755,2,0.076988659799099
910bd0b6784572576a8e7bf481e870547db9a4be,1.78399085998535,0.983547031879425,0.0855617970228195,-30.0376575226681,482.569451026623,136.336868286133,1.222900390625,7,0.0853947475552559
8116aac2ab3d7c51ff38f12ad58c3020a3348975,1.7889347076416,0.957234442234039,0.0655844211578369,-32.4340838262668,589.00144064611,125.900505065918,2.10280632972717,3,0.121405892074108
8aeb0463825d367c55bfbfd887b0f612297d628c,8.9873046875,0.916180729866028,0.0707023665308952,-37.1824628023001,385.386521907665,95.7946701049805,0.930094182491302,2,0.0869756489992142
9b3d5ef47c293766480d23acfd71a82f5a56622d,1.4875955581665,0.977470219135284,0.0541446134448051,-35.5431693437008,531.513223377566,105.843490600586,1.44118559360504,2,0.0794854089617729
9c58439c5c82ad5cd9e664dff0894280195f030b,0.983476161956787,0.987444043159485,0.121231950819492,-30.7937337237482,762.527528251877,129.108703613281,1.82068145275116,7,0.141328647732735
9f2c6c18fa65010d10b22713ac3359a4ba41046c,3.77527618408203,0.903101563453674,0.0639885067939758,-44.1576002652829,573.889583602054,92.0,1.22027778625488,2,0.119861148297787
9f969ea046e311c03e85bf80c581a2b92225a5ae,1.56252002716064,0.968849122524261,0.07512316852808,-30.6854508375892,758.651511352478,86.7230453491211,1.11175358295441,7,0.126121461391449
11fd9fee73adcbb81921d278ee35c4aa5ad3fc43,3.0732421875,0.945092678070068,0.0891401916742325,-35.0957796848737,357.193909051643,77.0,1.23036050796509,3,0.0796383023262024
12b886ef19a4c5b7dd862beeb17a8ac1e48f4fad,5.24021339416504,0.68106085062027,0.00827640201896429,-35.2061502933502,365.722978549148,97.564094543457,1.19966089725494,2,0.0445806682109833
13e5d6de42a92bbdc74d4c7ab1f175c56ccf0261,11.8907451629639,0.394068956375122,0.0458770915865898,-51.2058288867657,308.070872855216,86.0,0.895346105098724,2,0.0252205263823271
14585c109cc45425986ef3bce6f5d1efc8668e6f,7.1664867401123,0.918816030025482,0.0158256962895393,-43.5653869188749,206.175788616826,127.95369720459,1.18592488765717,3,0.0479465685784817
179ff5228b137e14f40f33b155c066ba268e1571,2.32719802856445,0.904400527477264,0.02712032943964,-49.760650066229,325.522266078968,82.0,0.993062555789948,2,0.0416275002062321
17b03bf497233ad739274815ca1e04384d2786ec,4.28514575958252,0.912645995616913,0.0592288598418236,-43.252489138108,471.242803090739,122.563613891602,1.2233350276947,3,0.103690668940544
17cf4f82fb0a58e89c5c3399ff2fd0cadf9ee4e3,2.07920455932617,0.980767667293549,0.0152076967060566,-30.2170910743567,309.257196987696,110.659828186035,2.01476359367371,3,0.0854482278227806
197920860c1ae0bdc55577f2efa3c7d077ee039e,1.42916202545166,0.970084607601166,0.0380185507237911,-29.8822613129249,403.471514124828,134.85578918457,1.5296448469162,7,0.105633080005646
1987fc438288c975436658c3ab4c789ad98889bd,3.91757202148437,0.92064768075943,0.025489903986454,-37.2633572266652,124.444260690374,76.0,1.05607855319977,1,0.0185881443321705
130fcce52e46e4a851dd7af24f99523a9a01bb9d,1.194420337677,0.985774636268616,0.094359964132309,-30.3810449746939,506.564459844315,178.0,2.26375555992126,7,0.105273067951202
15e679f1134d00301f9213c8dddfbc09611479ef,4.91833972930908,0.952701508998871,0.0577122271060944,-40.1036488092863,803.35636233276,117.600105285645,1.36063957214355,3,0.116385281085968
180c8848d82c7f79f8913714576c6a4d084faeca,1.29511451721191,0.97853946685791,0.052181538194418,-37.0071966579327,679.270745310452,148.624801635742,1.28303456306458,7,0.124106742441654
23efed1b8ca86afd107dc16b91e0c4b8e164af2e,0.617717742919922,0.984449088573456,0.092902697622776,-31.8604196355893,775.120101291847,184.570220947266,1.4758415222168,7,0.127182677388191
03d2f48e341a46b0be6215a458f56292bf89f853,1.32091903686523,0.968433141708374,0.0821625366806984,-29.0149616003036,655.065258482775,90.0950088500977,1.43327629566193,7,0.115446835756302
363b381decb1c20c0ca9708aae43fcd05dbd28de,1.8053150177002,0.979637205600739,0.0655565112829208,-30.9465417953638,317.569888572823,76.0,1.26589787006378,2,0.079734705388546
365415f0aa3838b96e0c176a789b9c75538ed2cc,1.42275619506836,0.954341948032379,0.0195555556565523,-32.5714590916267,217.462068855147,77.0,1.80633950233459,2,0.0626152381300926
440943115563b982260fea1b554ac970b8babcb4,2.01644611358643,0.98356568813324,0.0786047801375389,-29.3695385960432,787.624589971262,184.0,1.60954344272614,7,0.133536383509636
450a7237c8ae4cc09d4517d68bc5b63a93138f9f,1.39448833465576,0.970313370227814,0.053093321621418,-31.7527402043343,162.831330999742,89.0,1.34928119182587,1,0.0628125667572021
4510d3ab6b3d40c49e5dff8fa192e2f579ba6805,2.54295063018799,0.970503091812134,0.0964483022689819,-33.2830716463236,786.45206438571,140.0,0.850203812122345,7,0.122038550674915
473e65cda673ceac0b2478bfe4192ac0492e92d0,1.25300312042236,0.969704747200012,0.0790309682488441,-29.3230643421412,722.571887278742,184.570251464844,1.46617090702057,7,0.121594183146954
47aebb9e5bd92d77393a5d2ecb9b8d212193c0ba,2.60545635223389,0.871320724487305,0.0321371778845787,-41.3823808431625,494.738639548245,66.4783325195312,1.0162056684494,1,0.0400428399443626
5c6265d7171bbecf811f799a0acbb644cfc8fad9,1.79421234130859,0.971380233764648,0.0467728339135647,-65.095315859868,417.999825300724,77.0,1.66572904586792,1,0.0279078241437674
56d36f6796d39669566cd679e51c4827d510c70c,1.4283127784729,0.976863503456116,0.110976830124855,-36.4792859095794,555.490707581169,86.0,1.19500064849854,7,0.111813567578793
588b03032520e76bc04fd609ca8de0cb3fd3eaaf,2.29043579101562,0.965052902698517,0.0935472846031189,-31.4761572617751,642.497713768763,123.86792755127,1.32095968723297,3,0.127462103962898
621c34163f2981417bdbae89872857e9446a792d,1.86838102340698,0.95284628868103,0.0871906951069832,-33.5441260704627,610.089312632855,140.0,1.07726943492889,3,0.117819309234619
66ac08958b99c6be65f9c61fbf2e85e17da3bd10,3.33505725860596,0.88257223367691,0.0469564907252789,-44.1212904820075,165.296217803829,74.0,1.19318211078644,1,0.0154082765802741
77318eefcfeb554835abce9f015457ab3b893b46,6.26758003234863,0.777544260025024,0.0300069469958544,-46.750639456969,406.834643384905,61.0,0.918519973754883,1,0.055875901132822
842891b8ba75f962a1e8a3d9d0b1344447e28df5,0.982255935668945,0.977566123008728,0.0303587410598993,-34.3779992369505,626.5646602363,81.0,1.5503123998642,3,0.111745782196522
955c393a1d441445b85fb48cde2f4f2c1a13055e,1.74849128723145,0.981326282024384,0.074644424021244,-30.4330745018446,650.445538404325,118.233665466309,1.32316541671753,3,0.110238693654537
960c8b021e7c0d56e1cdedce2dc192ad155a16aa,1.99988269805908,0.951531171798706,0.0601005926728249,-44.3807153518383,534.831917893318,155.475250244141,0.958169937133789,7,0.0857698246836662
91e5c508f77dd96c3a403dfbd32056c4b78408f9,4.29321479797363,0.729916274547577,0.0236856117844582,-42.4258805696781,133.469267990712,86.0,0.950177490711212,1,0.0210592839866877
148e0ebee999fa316876e93515363f0f9267a342,3.91307258605957,0.962403655052185,0.0561647303402424,-36.0043709599055,697.608067896616,135.687942504883,1.15511155128479,3,0.107559680938721
99586797cc44e8d299b8af1627efa8bd8a157458,1.66524934768677,0.973334729671478,0.0900341421365738,-36.0015536248684,435.015498801188,164.369674682617,1.13673651218414,7,0.103204876184464
319b4baada757bbffafc077ee06e80e5df9392f2,4.38282871246338,0.932677567005157,0.0625986307859421,-44.4433712271544,178.552510625085,77.0,1.25857210159302,1,0.0212889984250069
356290f28602da5ecfd1685b012b41aeeb02afe5,1.08590364456177,0.982187807559967,0.0887144431471825,-29.400400028779,557.446418553857,200.0,1.51090455055237,7,0.122193701565266
4140ecc38440ec246ef753ef9b361863a3fd0aee,1.86088943481445,0.969276130199432,0.0503120198845863,-27.7736715170053,412.328932704869,85.3896560668945,1.31099033355713,1,0.0749016329646111
4235cb10cf28a150b8437913c0957e2c23e10390,1.93695068359375,0.963871240615845,0.0134767852723598,-31.2477866686307,116.612422482266,90.5746765136719,1.3207038640976,1,0.0197133757174015
68deb946dbef83f6b163b446e48176d5d8e433c2,3.33644866943359,0.874476432800293,0.0363889187574387,-35.6245052264287,111.759832463889,98.2430114746094,1.09546256065369,1,0.04891212657094
691b5daec7ca0ca18d50cded24c10e2ba6497fff,3.52540302276611,0.969539105892181,0.0647812411189079,-34.6811338571402,453.177509052783,135.91633605957,1.09496545791626,3,0.0835397019982338
6abba955787e37ddcba6c1cbc8120a3a88f88f4a,4.089111328125,0.975493013858795,0.0827870145440102,-33.7700631137078,597.749076485385,92.4698181152344,1.07186949253082,2,0.0964052900671959
09036683031032af356e3788ae2801a6cbea49ad,0.912713050842285,0.97797554731369,0.073215015232563,-28.6429287653703,419.843489151224,140.979965209961,1.83342742919922,7,0.0869018360972404
096a04f2374f4a6b94e102f34d3b3d0c12b8bd3d,2.06978988647461,0.967979550361633,0.0844457894563675,-42.0424570028598,258.032995115912,86.0,1.04277431964874,2,0.0309204906225204
9656a7c944306a24012d9c5fc60e25f22ad441b6,2.34366130828857,0.928179144859314,0.0571825429797173,-38.0619354431446,211.015894673473,66.0,0.85530149936676,1,0.0518796034157276
96ca5e4ab355cae557b705687ab6b1a08a75673b,0.815174102783203,0.984606266021729,0.0992271080613136,-34.8554088885968,806.2975019144,184.570205688477,2.09283232688904,7,0.12473488599062
97827af5f4f780ac7f1b17ef1e709af7fe3a906d,2.54254531860352,0.978334665298462,0.122313492000103,-33.3879526922336,708.555065181418,128.04377746582,1.33323574066162,7,0.122148513793945
32f72c417147d790deb30b9be283671efcb820d5,1.30336666107178,0.973255038261414,0.0834828689694405,-32.3112199449768,428.724542692761,87.1217498779297,1.03436636924744,2,0.0984885469079018
3383f3539f5d243c3d933bba1896b15351aa1e71,1.94818496704102,0.959734082221985,0.0510428100824356,-31.1568894065343,344.774666048496,82.0,1.33318150043488,2,0.0780385732650757
33f40bd8a16bc6d737e5e8e0dd58c09d98bb241c,1.35837554931641,0.972489595413208,0.116200752556324,-33.0240606436363,781.840639992761,166.243637084961,1.32932341098785,7,0.135206907987595
3fbbfddca11cf1f58bdb0d39e7b007a8bd87238e,2.36616516113281,0.96931928396225,0.0734571069478989,-32.9644534725409,484.361267941436,137.227355957031,1.1673047542572,3,0.0981526300311089
42e6cc62d5deafa5813073b43565d48b9906f442,0.666300773620605,0.981495320796967,0.0722610875964165,-27.9101088734773,778.580814902301,240.0,1.35931241512299,7,0.118500925600529
4528b3b724c0a29441dac7163fcf026c6e408dc1,8.68220329284668,0.883237779140472,0.0199741385877132,-37.9727194744807,378.197811548328,91.4465026855469,0.933162868022919,1,0.0240395627915859
465b814e6be27657b00f52267f0c590e156a546a,6.81433868408203,0.572217047214508,0.011115925386548,-48.1522075304618,206.015199941441,81.0,1.16814482212067,1,0.0142265586182475
48eb6f0cb4f2692c3d85438e862025f0d884a123,0.438994407653809,0.986509442329407,0.0742336809635162,-29.6444062819848,744.861808079342,134.986709594727,2.29193186759949,3,0.110689088702202
4a1c2ecc9485225170937a264c598d2026d0e18a,1.0638427734375,0.963714361190796,0.0469834394752979,-45.0849149502241,155.595688429287,84.7050247192383,1.61217272281647,2,0.0494544059038162
4a9127583ec5031be965cabf2a83d9e4c04f2c8b,6.40415954589844,0.716713666915894,0.0151297617703676,-41.3483490026914,233.980786818703,89.0,1.00872266292572,2,0.0308722872287035
515a618a91a78d6caff398d811dd28f96e62a880,6.49442005157471,0.907454907894135,0.070002093911171,-37.5018568268189,370.299633379972,81.0,0.897276639938354,2,0.0707667544484138
88e193625646df2bcd46c2d62d971b209911a128,2.34239101409912,0.959887146949768,0.0816861465573311,-31.7771628974722,665.216724569081,105.67943572998,1.2260833978653,3,0.115821912884712
89338bdd9a84002564b51fbfba4b4cb519d55ebf,0.767570495605469,0.983023345470428,0.0381674580276012,-31.6641283952273,723.054965708129,160.0,2.10728192329407,7,0.131701678037643
89369a07e4e3e83082cd6a91f019743d005300b9,4.5694465637207,0.901282072067261,0.0200254917144775,-43.8574985174032,653.891898089857,64.0,1.05293047428131,2,0.112470328807831
6351b31c5e6bd9c40ec2118dca918d89f749e659,1.93585300445557,0.961687326431274,0.0537322200834751,-33.7847955043499,152.106620818298,80.4822006225586,1.35482943058014,2,0.028281394392252
64ed71aa8c763a5145428a0dbddd0b8393fb5e44,11.7264442443848,0.855747044086456,0.0235261302441359,-43.0989318535878,248.671537010741,92.0,0.81206876039505,2,0.0596198923885822
05e7725f220bdccfe58b72596d3c001c986de537,2.03994274139404,0.916857540607452,0.0701324418187141,-32.9278655327283,513.662385570452,99.8820114135742,1.05286252498627,1,0.0479458123445511
74a2bee63da453d76f7a31680522d0a19a6686b1,0.884737014770508,0.986183524131775,0.0885455384850502,-29.5545125638063,835.765509115323,136.966323852539,1.8817423582077,7,0.122043825685978
9313b5a13c21e3cb9430a3f898177ed27f27d7e1,1.83431434631348,0.965457439422607,0.0640057846903801,-32.107620202578,152.539712531665,89.1513519287109,1.14803755283356,2,0.0499198623001575
936ed3059c256a026f3f0bc3fac215de3ff30b7e,2.78478622436523,0.96357136964798,0.0301754251122475,-43.485983646833,147.52002515175,106.40013885498,1.51904797554016,1,0.0223140586167574
10fe642e12cfdc38b06a48d4b27ce8d4dc9952a2,0.990781784057617,0.971331179141998,0.0536694936454296,-39.8613630418594,302.523946999057,86.104866027832,1.1284863948822,1,0.0508899427950382
110ff4b9a2365b72172196c571d805a3b0510258,4.36660194396973,0.804019391536713,0.00848548021167517,-36.9105222425782,166.396330225262,96.1379165649414,1.18230009078979,2,0.0344377756118774
19cb6e3105aafddbd9f5e4fdc817ba24e9224b78,8.50338363647461,0.457436263561249,0.0151400044560432,-47.8959648666474,283.258675633658,97.4740753173828,1.07112014293671,1,0.0252378508448601
1a454804049f5b877ede402f284ed82441069f24,1.74319267272949,0.971355676651001,0.0621837005019188,-29.115515099122,225.833053900688,98.0328140258789,1.18853461742401,2,0.0548387914896011
233b0288a7ab70468e9e5a5b892eccb59199465b,3.30628108978271,0.884719789028168,0.0464589223265648,-38.0844316390844,209.525972627549,78.0,1.19851231575012,2,0.0395103506743908
79c0cfc5f4b733ec892487f5238d4f61e6dfb2d7,2.66172218322754,0.948566377162933,0.055302582681179,-29.0588306647081,172.145833245932,81.0,1.16886079311371,1,0.0727151930332184
7a6654003b9c14308bdf842d4596c2dc2d52ffbb,1.50308609008789,0.979813814163208,0.0733907967805862,-45.8209012678036,595.4669676583,122.873237609863,1.46771717071533,3,0.0706560388207436
81ebdb8f179eeeaa12fd421cd5cfd064e4b49719,0.239360809326172,0.986703157424927,0.147320702672005,-32.1493279716143,469.844553865177,117.246070861816,1.56397652626038,3,0.115778230130672
823508c81870933cb30af451f1a23a38605cc0bd,0.936671257019043,0.983220458030701,0.0569187551736832,-33.372305874068,142.924879260266,126.948348999023,2.38993811607361,3,0.0598827488720417
21624ba19546dc3d4aa913444b64286386fc996d,3.53664016723633,0.929090201854706,0.0201967172324657,-39.9204843754952,234.350360373986,92.8987350463867,1.2482715845108,1,0.0186212845146656
97e8dc2d961dc63b78d18cad338db0d7f4974fbd,1.07872200012207,0.976398408412933,0.0364969782531261,-36.3406774883087,195.442132051646,81.0,1.50732064247131,1,0.0366746820509434
989a7522134fb2a66478908c9b58fcb2e16c3b91,3.95507431030273,0.93602466583252,0.0208351146429777,-32.1519092069222,388.953165222148,79.7357788085937,1.10451996326447,2,0.0575223229825497
611865a81f7247b78dd424ef05cc5f988ad9070a,2.32290029525757,0.974004566669464,0.109835512936115,-34.6571173048936,553.028787957782,114.969139099121,0.96494859457016,7,0.127072706818581
6123218b99bb0c4ca2689255bf631cba04008a3e,1.51533508300781,0.971290528774261,0.0763355642557144,-30.5320145166837,341.710823581098,141.931228637695,1.14821588993073,3,0.07668287307024
636f1fd0a4f101ad8133745e1ceccd29701bb1f8,2.49191665649414,0.955538630485535,0.0186442397534847,-34.7854046087999,210.822151898336,89.6203994750977,1.49949812889099,2,0.0536661110818386
b74b1ad0a492892dfeea59d70aa4fde553b401de,2.12254333496094,0.961429536342621,0.078608937561512,-38.405231770128,543.064390868214,77.0,1.43908882141113,2,0.106554955244064
b7c11f044d9fad5738f7e13c03be6e22af663037,2.49055290222168,0.978509128093719,0.0495521500706673,-33.1532965050294,321.936486216618,80.4517517089844,2.09646248817444,3,0.0967268869280815
b27b13d4b369f20ab5426a5e4d2704232965b8a2,2.06248474121094,0.943688988685608,0.0457145720720291,-32.6585267484188,241.398920744209,71.0,1.09866178035736,1,0.0461570434272289
b2b5f43ed3dcc1fb5aecbaa646621b093b7987c9,9.78226280212402,0.242134571075439,0.00914085563272238,-46.5125950712424,375.384130105679,72.0,0.820142269134521,1,0.0730074197053909
56037a7740620ce300b9f151e9862c42f1a54c27,2.04824447631836,0.974195241928101,0.018101504072547,-33.0030472095196,222.081506512206,74.0712432861328,1.60491323471069,1,0.0378631763160229
a0530fc986f63f0edff70d23e2a5428cf8629ef8,2.7562780380249,0.962312757968903,0.031244158744812,-38.6581932145816,220.059850571136,126.605728149414,1.41427767276764,3,0.0549013055860996
a11d7956bd2ebf9663fdf96ba1ea8cccb56b202b,5.17431449890137,0.900720238685608,0.013777413405478,-37.092359483242,454.490127302936,67.1844711303711,0.959868192672729,1,0.0597818233072758
a196b7a3964a60dae5e827cfca9209d3b39bd082,1.09628677368164,0.977692782878876,0.0227758567780256,-30.5927703839082,241.172226664431,129.661773681641,1.8769805431366,3,0.0579666905105114
9a87edad20265fa31083e026d4a05ff03415591d,2.96967697143555,0.944361865520477,0.0182144101709127,-36.1980124070094,682.425244498687,160.0,1.06805992126465,7,0.090625487267971
9c532b24de886ecaccf898a8f1f5cf03c950febf,0.871810913085938,0.979718685150146,0.0637765824794769,-27.9293238749871,629.677528491996,145.002304077148,1.55970394611359,7,0.109480254352093
9d2ec1823f86cdf9534c6a92e9a07ca39f0869dc,1.84190368652344,0.976490020751953,0.0593754351139069,-34.6460106281134,854.912376768966,128.436279296875,1.09036755561829,7,0.13933502137661
a5c66ba042a062b083e8b8b372f0c4f1f6ba5d0d,0.461280822753906,0.985072731971741,0.116164363920689,-30.4030671486488,793.790899345717,165.761474609375,2.04751181602478,7,0.124697983264923
a897a650c9c50cc894492c028767a2f4a38c1cd5,2.64717102050781,0.970317542552948,0.00826807972043753,-30.8171924169247,126.894205029091,74.0,1.24377775192261,1,0.0213319286704063
a8cf2af83082d8ffd8eb11724898b36c30b36698,3.4030647277832,0.960046231746674,0.0792612060904503,-32.4166178651727,415.433587419728,77.0,1.11887180805206,3,0.0899099782109261
a4730e20c414eb6be36fe0ce093d6f802162a380,2.03910446166992,0.903511822223663,0.0547219477593899,-32.9186860002004,350.689511310708,68.0,1.13136219978333,2,0.0879374369978905
a4d0da8766df90519fd46e04794352df1a5df2b2,1.93972206115723,0.979662716388702,0.111508511006832,-40.2794194152722,608.007486712027,81.0,1.19592416286469,3,0.112470328807831
ab50db06771ab59033d1fbb6e653ee05ae787b73,1.76477241516113,0.974597632884979,0.040637943893671,-28.3921349369563,592.051271421811,133.50358581543,1.23364245891571,7,0.112167552113533
ab96efee36e99b389b3d9636bde78a94a86dbaab,0.891559600830078,0.981695055961609,0.0551225952804089,-29.7575958944284,758.510256240429,160.0,1.49450814723969,7,0.133130431175232
add345e0be9d7438ccc53275c6530c7f667002f8,1.70104694366455,0.968335628509521,0.04461919516325,-32.7660274138817,213.613018589934,95.3073806762695,1.82783508300781,3,0.061724990606308
a518724de4a059c57364dfeecf277852e9f51389,1.42533111572266,0.955557584762573,0.0249753408133984,-35.0877959544842,155.653066566716,67.0,1.67110455036163,1,0.0354003235697746
af3e3e9626265b04323bfe131a517db3abbbd9fd,5.35496520996094,0.800967156887054,0.0310959164053202,-38.7223259614637,174.86293996972,103.509613037109,1.20566117763519,2,0.030769856646657
af9ef77648551af809362e1ab3945adc357d54e1,2.77552509307861,0.960687398910522,0.0386568382382393,-33.9152405605866,161.33207905687,92.0,1.19443941116333,1,0.0277421288192272
afe4a60aea511922a9e25830b6302e2da8964f1e,2.35604381561279,0.958736479282379,0.0666157826781273,-35.4686293303967,210.2997358906,98.961181640625,1.12510752677917,2,0.0434110015630722
b0bbe559c2ade390578ef55d862872f103874c6f,2.16056442260742,0.971423089504242,0.0676819831132889,-36.957533451227,685.926028963306,100.047416687012,1.58328032493591,3,0.106624998152256
b10b8cc59789fcc36d31f1ea14aa8415b902eda7,2.28732681274414,0.963001668453217,0.0355440899729729,-35.764980004384,256.585891478315,72.0,1.33601677417755,2,0.0763198509812355
b412f755492aa47a77790f704e83b217fcf87d57,7.00823402404785,0.919599235057831,0.0510968491435051,-45.0668497016797,198.632455987927,120.904396057129,0.863595366477966,3,0.0573852472007275
b46a007f7f77055a893cdcb7237df44fec2eef34,1.2514533996582,0.972208976745605,0.134640574455261,-36.1506950626006,715.774847550651,87.8020706176758,1.39977490901947,7,0.132381036877632
b57b717f9d7b002835759b57b76b241d5275c8d6,1.55784034729004,0.97061961889267,0.0704768747091293,-35.416481426129,391.756237844322,76.0,1.52646148204803,1,0.0716276243329048
b64938a12348050cb77bd258b5f14c1a1a8a308c,1.67870712280273,0.962494552135468,0.0241296906024218,-38.2194322897838,250.613949353063,123.815895080566,1.46191024780273,1,0.0187726709991693
b6ba3df950ae5ac97c814b5d050283989d127f8a,2.48532104492187,0.947059094905853,0.0313802286982536,-37.1797260183554,138.55983336968,72.0,1.30258095264435,1,0.0417103506624699
b8749095f3b69c192c74389681fe17483679f471,9.67833709716797,0.387968510389328,0.000256293657002971,-48.1261805020846,396.730720687331,132.989593505859,1.31714284420013,7,0.0920640379190445
b352d539325083dcc32c4362ad7c8415f9496b54,1.30614852905273,0.981935739517212,0.0402524322271347,-44.1873074082228,184.863906073122,82.7499008178711,1.14343309402466,1,0.0105804800987244
b5476da61caa0d61a1e5ed1fbddab65a8950c2dc,2.0683741569519,0.956061363220215,0.107421182096004,-35.2493541664802,477.957772791625,76.0,1.00406491756439,3,0.0906751975417137
b6e2a9298b127a0d4f25d5eb680fed6515d47492,2.44570922851562,0.942547202110291,0.0410783141851425,-33.9611441868429,158.305394840313,103.646141052246,1.06110846996307,2,0.039592444896698
adf88642adba5a2ee3b8a33f11ce928912738e29,7.30102729797363,0.350531160831451,0.0343329422175884,-48.7942502131829,531.15948160325,77.0,0.858163297176361,2,0.0782283693552017
b37ec0e8d3efb29196bd2f62235bf0bc202cf72e,2.57438087463379,0.966859042644501,0.025890626013279,-32.758947794254,369.33690417823,90.9014205932617,1.47236740589142,7,0.0795690044760704
b9cc6b86963273b4292ab6dc57ed08c8d17319c8,2.34547233581543,0.979672968387604,0.0652380809187889,-33.5471787636097,427.838602471475,130.0,1.24696552753448,3,0.0891101211309433
bade74e149a6d8b1a01db80ca9521ca1870d03bf,1.03965091705322,0.981426477432251,0.093814842402935,-27.802843277271,639.242344006407,170.0,1.11460638046265,7,0.109957009553909
bb8107873340e3b60f62864aa50b5946ad2f47d6,0.717470169067383,0.967184245586395,0.0660118982195854,-32.8558689997746,480.42017782944,97.8825454711914,2.2917902469635,3,0.106844924390316
bea74ca498c98210449eb01d1c99698f9959f9a8,0.480016708374023,0.986805558204651,0.111206844449043,-34.8794080609312,594.127758929237,129.872573852539,1.60495507717133,7,0.118659846484661
bf135b58ee97e7bb46d10a3fcd0db8d3da122de7,3.74360513687134,0.945139527320862,0.0941855981945992,-33.716628578993,390.170562961926,116.587142944336,0.92209267616272,7,0.084911972284317
bf9cba0e20e3ca1a5759c930fd6332475632d13c,4.15531921386719,0.935685634613037,0.0125900814309716,-37.3905842350079,200.009089494989,76.0,1.46112096309662,2,0.0744595304131508
bfb37bf2cd4c286978a9affead0f3b1021641f8a,3.1455659866333,0.97109442949295,0.0432956181466579,-35.585867783198,379.796624818577,103.50023651123,1.62178254127502,1,0.0641991421580315
c0832793e060ad62949453cdc4d75b27c99b4305,3.97622776031494,0.947872459888458,0.0314732380211353,-32.7487612779324,673.408934453691,130.0,1.10397100448608,3,0.114683128893375
c0dbc860eb340cc84141a2d0bb44aaeae12e779b,1.32709312438965,0.977928400039673,0.069916695356369,-29.3229835216816,663.998671804054,98.8021469116211,1.13113808631897,2,0.0990699902176857
bf5d0cc725ee3bbd23cbd80d668d11ada40a7a78,4.46092700958252,0.947503507137299,0.0479370690882206,-40.6564479332704,453.491413273909,73.0,1.10213315486908,3,0.094448558986187
c17c3a85063eb57229b900486311dd980a60f3a0,4.34428691864014,0.957197070121765,0.0887146294116974,-34.6368011098642,373.622832580351,86.0,1.11519813537598,2,0.0850023478269577
c4b3cb58deeba78a6bac5f5901de02e16c73c4cc,5.94548225402832,0.857200980186462,0.0384653247892857,-52.6238781672258,328.966763826468,84.3420562744141,1.19652342796326,2,0.0460116825997829
c556b1e172b6d5c443748584ff6289852a76e2e1,2.57853126525879,0.974221169948578,0.0964468345046043,-34.9344272521826,630.867984053402,123.156089782715,1.24637675285339,3,0.131082564592361
c7580683a28c38ebdf8a38fc93da7469076f79c6,11.0292091369629,0.158443659543991,0.0095978332683444,-47.3687642680911,229.575155635501,100.512199401855,0.871005177497864,1,0.025762053206563
c38e4ddc4a57027ca68924e1350c836010dc0c6a,0.458439826965332,0.983601152896881,0.0962064266204834,-30.7242028928147,550.416002313695,69.0,1.60499882698059,2,0.0985615998506546
c635aea4723d4d9a9f707b05ee8ee599300f5928,0.890189170837402,0.981817722320557,0.0764485523104668,-36.1011243049915,293.357166954652,68.0,1.78722655773163,1,0.0575810708105564
c9448baeb1dc9631f74443259c5f1c5e4ce61888,1.77337026596069,0.977666854858398,0.108121864497662,-31.5704660919996,835.159889916207,74.9439086914062,1.46809267997742,7,0.137170419096947
ca3370e743e142587ec48f48bd04be84fac2ac80,0.999814987182617,0.965320467948914,0.0733451396226883,-28.8173079169714,539.796212924976,111.320045471191,1.3982537984848,3,0.0773343667387962
ca258524e559ce20ff07579d97edfdad5767ab9d,0.635080337524414,0.980747818946838,0.0650948286056519,-30.713161469079,336.50226922018,190.0,1.71455240249634,7,0.0991588607430458
cc0fa35d3b8a55580c529c4184df6ab31e398510,2.50768280029297,0.946460247039795,0.0228324364870787,-36.7303892167715,322.793943060163,116.970443725586,1.52775228023529,3,0.0690163969993591
ce3886972b4be02bd0ff5462f8c2b018c9fea62a,2.18700218200684,0.956478595733643,0.0184986498206854,-35.2940253707079,550.578605337166,97.9733963012695,1.48040592670441,2,0.0918335691094398
d0506bcf00ccb84f1abdbeef6f51bbeb8b17ec71,1.61997413635254,0.980378031730652,0.0688499212265015,-35.9173616858629,542.64321626134,132.597702026367,1.46510362625122,7,0.109587207436562
d214af3ca58568d7f3eeed84ff503501d0dae10d,1.64756011962891,0.958978354930878,0.0591708458960056,-30.9035383783854,384.892576722028,91.1046676635742,1.44299590587616,7,0.0782185792922974
d25200fef1553be09247e5e683098ea5e80a9c4f,1.97063636779785,0.951227426528931,0.0674821361899376,-42.1576832853831,446.89098161844,90.0691070556641,1.36104893684387,3,0.0857216268777847
d83325d0887634594df44ceaeee267e63c326de1,7.56643390655518,0.778811693191528,0.0408412478864193,-51.1253466055943,272.148892789237,69.0,0.908472001552582,1,0.0527803897857666
cd81530bd10ab5f6e36018d0588c726bc4a02b0a,2.55166149139404,0.951742708683014,0.0347837135195732,-40.8084386793467,294.834826980417,83.0,1.08991849422455,1,0.0225497987121344
d15b6da780f3febfd24bbe46cf28fac5f0944bb3,1.69268321990967,0.972801804542542,0.0889227166771889,-38.8900650281173,443.948599446077,93.8639907836914,1.16306722164154,1,0.0548297539353371
d56d67f32d501eb08fc4ddfcdd146b80e2377a9b,1.40270614624023,0.979966044425964,0.0610194280743599,-31.3960910233167,319.771051622242,129.959564208984,1.85698103904724,3,0.0946511626243591
d58d17a50caf3d25a456c2c212fc1b103f3f656a,7.42569160461426,0.786902844905853,0.0543642230331898,-49.3757027731492,626.054875609065,106.969909667969,1.32702374458313,3,0.0900252163410187
d93a2041f9144030744f4903ba0ec7593b8b4433,0.916858673095703,0.979055523872375,0.0064660906791687,-30.9937162399292,124.058814466032,65.0,2.49594783782959,1,0.0412102490663528
d951921067862c6b3941247ad967a5f54ca1da8b,0.477206707000732,0.987142741680145,0.106178432703018,-32.1441342647259,756.394884736579,186.0,2.09537744522095,7,0.117426909506321
d92a760d7811fa5e3bc5c52149e60dc0b6ab5f03,3.7379789352417,0.963459968566895,0.0783195272088051,-32.7465072893179,533.426976513658,102.481605529785,1.25605273246765,3,0.0819234028458595
e40bf2fc1060a6362d42bd1b12d7789be1d50fbb,2.58992290496826,0.953814744949341,0.0409718528389931,-33.2299888134003,139.862337554779,106.289352416992,1.11596238613129,1,0.0353084355592728
dab75806f62d8932190e360340cd43501bf6e908,1.24889850616455,0.962433874607086,0.0449050739407539,-39.764549141893,412.823375350418,77.0,1.28333175182343,2,0.0588478967547417
dc1118883b81910d079c9a53a92b73bf8f659177,1.72623825073242,0.960279107093811,0.0284642018377781,-42.8969090454854,364.027378494034,93.9369583129883,1.5697922706604,2,0.0685509368777275
dcab4afb455ddfb5158f1c2228179401415de1b7,0.536336898803711,0.98332154750824,0.046417810022831,-29.4479028490873,619.699375676593,208.0,1.57790267467499,7,0.118860185146332
df0a56e6f81582ed1013ebd415c36a2f861c0c96,2.10591125488281,0.972309529781342,0.021559638902545,-31.2282325396171,173.478163693385,86.0,1.31820058822632,2,0.0404156558215618
e0150c754977494d8b5f91315090a0828d99bd33,4.5325870513916,0.907711684703827,0.0109313940629363,-31.6753493822538,240.269408881886,74.0,1.41300117969513,2,0.0567955188453197
e025c51a29e9ded24571a1696d56a2a81ccf1ba7,1.34726524353027,0.973155796527863,0.0546412728726864,-33.0972147171314,370.626836078691,74.0,1.77200984954834,1,0.0544320829212666
e238e801be78e6ba0102dbac3d290b30cac17e3c,5.04927158355713,0.929185569286346,0.0450740717351437,-34.9038727329328,361.411552383229,108.936111450195,1.46818518638611,1,0.0363560914993286
e7b66b59aceb34188ae0d90cb3d33bbea174fff8,2.18181324005127,0.926890015602112,0.0616586729884148,-30.5959762288974,419.430928287123,77.0,1.19794321060181,2,0.108828015625477
e8288169c2235d7bfb500a4c5deffae807199ea0,1.93618774414062,0.958239555358887,0.045466210693121,-39.7499075577809,130.234397277479,64.0,1.53018116950989,1,0.0172580536454916
e86c01733cb6bd887c1f498daca0091a848417d0,2.08869361877441,0.973030865192413,0.00857081636786461,-56.5175640949836,170.710822033982,82.9611206054688,1.71305525302887,1,0.0286692753434181
e15abcfd92b2213777bacb6baf130b158d06bfb3,1.28073883056641,0.980316519737244,0.0487786345183849,-31.9821501053297,667.554478969013,208.0,1.2645982503891,7,0.118997260928154
df9d3ad301a721e8be8e821df367cc54725ba418,3.58003807067871,0.945985317230225,0.0157478414475918,-37.6551412985875,586.034943712023,81.0,1.37551403045654,3,0.110239446163177
e93cd3dca1738879001a77b38a2ab3ee5471ff1f,1.23948812484741,0.97918564081192,0.0921422839164734,-36.0524137432759,743.082140083773,140.010787963867,1.66564452648163,7,0.133027240633965
e9cef7a206da57a6d48fd6eece47a900f35ab7bf,4.04482650756836,0.900879740715027,0.0204017106443644,-39.9132039730365,262.18269211418,68.0,1.34700107574463,1,0.0368238091468811
ea605e046a5ad75589c6204022679ee5c0ee7084,1.63605308532715,0.955886900424957,0.0269300695508718,-31.3832643891756,167.043666577073,98.6895217895508,1.51703691482544,1,0.0598910301923752
eb8fba9e7b07c8132df4a5cf534f42311bd7aa3a,2.78822612762451,0.949348151683807,0.0528229437768459,-32.9611156170185,358.140590625298,73.0,1.10129714012146,3,0.0802589058876038
ebcbb8daae7855f338018715cee42e9440bca761,4.40445327758789,0.902477204799652,0.0232540909200907,-36.9599987910344,273.93178631004,72.0,1.0802971124649,2,0.0428325682878494
ebe5d6d5526c7b7be6b13daf6321d8edaaa60481,4.19021224975586,0.907007932662964,0.0604495368897915,-40.0821300424062,316.137076898,75.0,1.29048120975494,2,0.0618424862623215
ec5cb4c21501c76a2cea2c8448fb0e45e53091f4,7.10004425048828,0.764020144939423,0.0670070499181747,-48.6907518826998,345.398096458166,101.351264953613,0.91691529750824,2,0.089090533554554
ee4f1aa0b16c393ea35a628c0ebac0d086028fc8,2.55940532684326,0.96806937456131,0.0460866503417492,-35.6625764152895,193.610960157236,88.855354309082,1.18581891059875,2,0.0446605011820793
ee820da178cadd54aaa7fab29b2f1d89da0929a5,5.37317180633545,0.910969078540802,0.0711316913366318,-43.7153749488867,375.660098526829,92.0,0.81167459487915,2,0.0646992474794388
eeeb947aaf4af89c16016082483b9594d8801a43,6.6760425567627,0.823106169700623,0.0740838125348091,-42.6597230663666,372.651241406796,83.0,1.24241757392883,3,0.0629729852080345
f1a42257063e43df9dec7dac96822a7b910f9eee,1.02197265625,0.977379441261292,0.0323132500052452,-30.8279552918214,535.887303321408,184.0,1.90308451652527,7,0.0988651290535927
f1b7b42a5ed11ca128cc190c1cbe8bb2fa98525d,1.7360143661499,0.963911950588226,0.0915820896625519,-34.8544392241881,635.494148557661,72.0,1.20236420631409,7,0.135842576622963
e93455510ee512342e336ef36f3d4dec2cf50c49,2.55503749847412,0.950508415699005,0.0683943256735802,-33.7110377183327,679.318472999033,130.079208374023,1.50774502754211,3,0.125712499022484
f3cccf4b11fe6c97ef1dd975f89ac9dfc5e496ca,6.46434593200684,0.856039941310883,0.00776820862665772,-45.9307975402245,209.65457339383,70.0,1.09857738018036,1,0.0302900895476341
f3d5bdcb9d6bc59eaa87ef1107bcfa8cb782e4f3,2.26138401031494,0.936507999897003,0.0508071444928646,-29.9248592945246,278.145397441122,80.4258499145508,1.20052981376648,2,0.0772115960717201
f3def527fc1df8a2fcda86a76965db2fa5bbde5c,2.91349601745605,0.958154022693634,0.064471922814846,-31.6133495248281,317.938097032234,79.4361801147461,0.990015149116516,1,0.067228376865387
f40428f29bbb08d64eab84a7f5cbe7afdd07b53c,7.60144901275635,0.881017923355103,0.0473710335791111,-32.8837924874746,226.224419297964,72.0,0.956820964813232,3,0.0677608698606491
f41f81c18fcbac946f6802d0eb66a67c96d5603c,1.58646965026855,0.9335618019104,0.0667660981416702,-34.6039700829066,267.894841930267,119.551483154297,1.55989420413971,3,0.0743751749396324
f80fbe93866e6331a2686a11cf4185d88916bec9,1.88309478759766,0.959542095661163,0.0399051085114479,-33.2501122813958,328.536418644694,99.9867935180664,1.42307245731354,1,0.0611254721879959
f8c4c9276ad18abe030e91bcad08b42dc18b6e39,2.62604331970215,0.960824310779572,0.0226545315235853,-50.0741838079232,260.124927963334,70.0,1.27918457984924,1,0.0376402400434017
f26c55f4a6d87c410335d4f7514c97abd184302c,3.10198783874512,0.942225754261017,0.0571549162268639,-34.3801361494339,176.437900519835,81.0,1.67033123970032,3,0.0806799307465553
f3c456f5f6c3c9d481fa926dbcf784fdf940e283,0.700355052947998,0.981583714485168,0.132994070649147,-33.6787415811649,664.391420970218,198.0,1.65891790390015,7,0.117231845855713
f982bdc0916c1538c9594f66d66d2ce780a7fba8,1.43889236450195,0.968392550945282,0.0618143789470196,-33.179145189432,163.529060525519,98.3523254394531,1.18610835075378,2,0.0612369403243065
fc6e5aecedaa657332de08007730eaad02564d9d,6.7149019241333,0.833381950855255,0.0461488477885723,-38.8013711159046,163.248184674141,95.4633102416992,1.23527586460114,2,0.0378255173563957
fa2f97dd205a34f48b05e27c1c1436452e39ccb1,3.52507781982422,0.929708302021027,0.0210594497621059,-52.3974748024574,249.879320534617,91.2490692138672,1.14654409885406,2,0.0393634848296642
ddc7e2c7e9281132e1da6944acd20f86511f64c5,1.25211238861084,0.974357664585114,0.0502647161483765,-33.6971689004165,632.24044084456,140.213439941406,1.1669020652771,7,0.121149063110352
p_scdn_co-028d25524173ae6aba75d690885952,1.73811340332031,0.978634774684906,0.0449004285037518,-36.7030664040492,925.378207250436,250.0,1.2359573841095,7,0.167063176631927
p_scdn_co-0aafd89cee2b056303c57ced5efaa1,3.08343601226807,0.952428042888641,0.0835809707641602,-33.9574329921832,357.252231723321,77.402099609375,1.05880451202393,2,0.0789845436811447
p_scdn_co-119c1c53dd9d35082d1c32c6b04256,0.959445953369141,0.97096061706543,0.0954415276646614,-30.010572552681,665.09948555887,87.8972625732422,1.41884422302246,7,0.118885762989521
p_scdn_co-2c22bffadef25b80629d8be97fd029,2.01790714263916,0.968094825744629,0.0472035706043243,-42.0077897585355,400.685315570728,104.440238952637,1.41868281364441,3,0.0751988589763641
p_scdn_co-451aa79a5236c401b425f0bf812a11,10.8706283569336,0.17372739315033,0.0112074054777622,-54.5313203197259,332.811469812551,99.1916351318359,1.15776491165161,2,0.03648716583848
p_scdn_co-61518a77b678e7ae06bfa7dcd2d922,9.56099891662598,0.941969990730286,0.0517253950238228,-32.366263288718,481.28148064002,107.67448425293,1.0619295835495,3,0.0763582363724709
p_scdn_co-866c52bdfa9fbad3d196e1ee128c7d,1.62092685699463,0.976738929748535,0.0836862251162529,-32.3874332824579,340.091465006951,142.306686401367,1.45300090312958,7,0.0974719896912575
p_scdn_co-50526dc45c7182e98d573f0fddd1c3,1.31145000457764,0.98346608877182,0.066286601126194,-30.6619199766563,147.850051653159,127.003387451172,1.36661601066589,3,0.0540896244347095
p_scdn_co-54921c8fd594afc8ebf14c4915d24b,1.80122089385986,0.97756689786911,0.071222111582756,-32.2372076373834,518.908882532477,101.520133972168,1.31565880775452,3,0.10951878875494
p_scdn_co-554e28fbe60234639e8a93e09db8ce,0.995462417602539,0.981756567955017,0.03351079672575,-28.01788518062,233.409706864644,110.127304077148,1.47791051864624,3,0.0793463811278343
p_scdn_co-57ef655638e539fcfbc1f387d418f7,0.782513618469238,0.972134470939636,0.0685273036360741,-36.2092293409201,652.451330209387,106.957710266113,1.44875943660736,7,0.127728074789047
p_scdn_co-90d9dce422cc006d0c264f4ec8f646,1.08843994140625,0.981352746486664,0.0456579029560089,-32.1178906330695,402.771360012949,133.037811279297,1.58793997764587,7,0.109923593699932
p_scdn_co-2df11060a14604cc3b02e426228664,6.00150775909424,0.840478837490082,0.0432500615715981,-37.0804337629905,273.232788217944,66.1950225830078,0.948640525341034,2,0.0295188520103693
p_scdn_co-8c1ee76f22f5628b32e09bb4ab57f0,1.96687126159668,0.969092071056366,0.0377968028187752,-35.1718349548487,213.102409538341,95.8747634887695,1.29598152637482,1,0.0300148651003838
p_scdn_co-f3400bab0c865dc540243ac3ed4d70,6.38173580169678,0.931656002998352,0.0719544067978859,-33.3443097151243,667.526711968699,89.4662780761719,1.06522786617279,2,0.100059099495411
p_scdn_co-1a454804049f5b877ede402f284ed8,1.71851444244385,0.97063022851944,0.0621971115469933,-28.8313404138272,227.158251246515,98.0295639038086,1.1902049779892,2,0.0528465770184994
p_scdn_co-1d02e08730574e2c5628c9e8e9b52a,3.67072010040283,0.953299939632416,0.0730319693684578,-34.0743612876305,399.158935902425,73.0,1.12590634822845,1,0.0619730800390244
p_scdn_co-7204639586ec60bc1fac2e3eceef40,7.71133422851562,0.835967004299164,0.0306647382676601,-40.2027295185969,680.984798680008,68.0,1.07121229171753,2,0.0997658669948578
p_scdn_co-7a37e2a5baceede962f83eec194742,2.34391784667969,0.949934184551239,0.0602710731327534,-35.18464093684,248.837640351101,155.334411621094,1.58809685707092,3,0.0630796849727631
p_scdn_co-3a02d0cb2edd6f0b4b2cebfa687ebe,2.40747356414795,0.974791467189789,0.0929030030965805,-33.7766428635671,499.319203918663,77.0,1.31707561016083,3,0.10942155122757
p_scdn_co-acebf9b6d9dfaa7d6853b43a6b16ca,1.49580574035645,0.967571794986725,0.0419725216925144,-32.1255443004461,372.386562295809,69.0,1.88882327079773,1,0.0730459466576576
p_scdn_co-b09bade5e0157ec13202b4fd8df44a,1.23517036437988,0.974122226238251,0.0669818744063377,-33.1368355957361,551.922150207446,74.0,1.37088644504547,3,0.10007643699646
p_scdn_co-b352d539325083dcc32c4362ad7c84,1.33680534362793,0.981361925601959,0.040241215378046,-44.0263016086358,181.509246579457,83.2234039306641,1.13951098918915,1,0.0105075016617775
p_scdn_co-b38ae9ab129c6c451b5217570e655b,8.3198299407959,0.934866011142731,0.0349856577813625,-32.9815533459187,633.258981099107,100.381767272949,0.998377919197083,7,0.115048065781593
p_scdn_co-bade74e149a6d8b1a01db80ca9521c,1.03246164321899,0.980827927589417,0.0939786359667778,-27.5869585183951,660.780070046654,101.732025146484,1.08569252490997,7,0.109943188726902
p_scdn_co-c056d4b4ed3e332decc3858c12b657,0.788339614868164,0.982322454452515,0.0107411127537489,-37.7468060323825,532.76428192518,95.0453643798828,2.06197452545166,3,0.0761599764227867
p_scdn_co-c34f2d2820cb63fca8ef7047a6d7cd,2.23198413848877,0.963169395923615,0.0470131225883961,-34.3792863522585,240.801594544577,104.685035705566,1.38896560668945,3,0.0610903576016426
p_scdn_co-cf33e620810a6705cf30be226dc455,0.799619674682617,0.977498829364777,0.0762584805488586,-37.342683663735,447.552603503288,130.732925415039,1.11785578727722,3,0.101149879395962
p_scdn_co-dcab4afb455ddfb5158f1c22281794,0.545269012451172,0.983518779277802,0.0464878529310226,-29.2730014599287,599.656873800167,200.0,1.57434463500977,7,0.118938528001308
p_scdn_co-ea605e046a5ad75589c6204022679e,1.71465301513672,0.950928747653961,0.0268671903759241,-31.4463370734682,151.464640438366,98.6878967285156,1.53618395328522,1,0.0588326640427113
p_scdn_co-ec37493654421496c95b1de5bc04f4,2.68311786651611,0.974233150482178,0.0785369947552681,-31.3017700039423,434.946844636093,131.953475952148,1.47764337062836,7,0.0870504230260849
p_scdn_co-f846b8305396ac4ea04fd7ff3a4447,0.72667407989502,0.983044385910034,0.0838398262858391,-34.5945252546897,421.428432064944,102.859397888184,1.87381672859192,2,0.100785031914711
p_scdn_co-fd99e3cd162c3bb3d55543355347b3,2.86983108520508,0.815282881259918,0.0567427463829517,-38.1747415125943,403.835799023429,73.0,1.35003483295441,3,0.0954803973436356
p_scdn_co-fe98f0c94f0edbc1db290c6f913150,1.36174392700195,0.978970170021057,0.0773141980171204,-33.0657810929876,408.531854479053,92.8824157714844,1.57846069335937,2,0.102058231830597
_scdn_co-ce4ea16e3fcdd491bf4ae0fe79b4fe1,2.70409965515137,0.934711813926697,0.0501012727618217,-34.6207131009835,219.17664071766,76.0,1.40602147579193,1,0.0442273952066898
0124255ee5fc654a8fdf8573181d516f1eb1f410,2.1587495803833,0.967867791652679,0.0722724348306656,-35.9536691468496,389.238377552644,70.0,1.47067761421204,3,0.0805707201361656
018d752c15c4d303771983fb38ea4ec60d3bd97c,3.03631210327148,0.898632824420929,0.0208269972354174,-45.814217200646,152.882198847162,66.0,1.2782427072525,1,0.0124468263238668
0aaf4dca6c6828cabe841249878b366875d98e04,0.981588840484619,0.972156167030334,0.118161432445049,-27.8902388627713,506.203455321908,156.15348815918,1.13664591312408,7,0.106448009610176
0aeb258b084b1e8a6471906289c0928424adee03,2.69838809967041,0.953049421310425,0.087492823600769,-38.1138870943911,319.867048696413,130.995971679688,1.20208990573883,3,0.0801158100366592
38df62cc1cfc995b976c5aaa92e6f9e0e02dead9,1.92368316650391,0.935167551040649,0.0149948000907898,-34.9845723739037,606.769496043379,104.68514251709,1.75990641117096,2,0.0897201821208
390937b2fc2515888468ee35eaec61a657eb87ad,2.18454074859619,0.981369912624359,0.0506329499185085,-34.0753021561182,466.905069873442,95.7556533813477,2.19203615188599,3,0.0767288208007812
394c27dfba0df6baf3d3a0c493978b15dcb453f3,2.29566860198975,0.960688233375549,0.0545292235910892,-38.0010282993317,168.127464266072,76.0,1.30489754676819,3,0.058522529900074
3a090bc3f5f2c68de8a8fa25ef1d766b73340e54,1.9724817276001,0.975561022758484,0.0324631780385971,-33.6165307164192,367.150692820403,87.6055374145508,1.60878658294678,2,0.0595438219606876
3a4b3453a1df2d0bfcd240aa6d8d313e964c55ac,4.25041389465332,0.893470406532288,0.0299452804028988,-39.2494245102772,181.72417481068,102.116683959961,0.991729438304901,1,0.0264783147722483
7141efc7b21f07675213234f61cce66e65e931e8,3.19956588745117,0.958436012268066,0.0595728829503059,-34.8346384855417,196.755278493022,92.6788864135742,0.864292085170746,2,0.0611405335366726
733b50a352bdd655ce338618049ad03d03dde55f,2.98432350158691,0.943015813827515,0.0451380498707294,-35.7916699923002,153.574109640448,81.0,1.74170124530792,1,0.0335377417504787
735f6746292e79708c882d359bbd02a5f36c6f83,2.33314514160156,0.970860302448273,0.0823366269469261,-36.5519531873556,237.263842164288,121.969688415527,1.14271605014801,3,0.0800239220261574
8591664704684f6617dd0adb47e54e4d41d42f9b,1.20357704162598,0.982033610343933,0.0299506653100252,-31.5020433727365,291.904311821791,127.496917724609,1.96368288993835,3,0.0827503800392151
866c52bdfa9fbad3d196e1ee128c7dc9c99c78e5,1.58703422546387,0.975593507289886,0.0832259505987167,-32.4030628250195,325.235147657593,71.0,1.41893625259399,2,0.0969822108745575
8718d04519ec59972450cddbe42c23031a8e7ded,8.01447296142578,0.718628764152527,0.0791277959942818,-41.6781604335858,640.751022375819,129.626922607422,0.869957506656647,7,0.094487726688385
1502fb5bf398c9f43f193477e2d16e368772b982,0.896276473999023,0.982926309108734,0.0786553472280502,-33.0932634564546,461.262300590634,133.786590576172,1.45760023593903,7,0.101214252412319
15aaafa2f12ab9ca57aadd6d52be61cb494f3865,8.26397514343262,0.526017844676971,0.0308799352496862,-39.5833364576101,315.337517875096,105.067962646484,0.870310127735138,1,0.0441566333174706
258e090e97594ae9bfa696a72645370681266f05,2.59586334228516,0.959464967250824,0.0280911400914192,-36.0333897895538,232.845648718576,86.0,1.30519938468933,1,0.0309754703193903
3833b77cd4c983f037aac7d1450a5271e3eb4d72,2.20330047607422,0.960178077220917,0.0324574820697308,-37.3795426988329,236.230141049148,100.130210876465,1.36949026584625,1,0.0328327789902687
