00e8ed7435c5454bf7b45910effc191d19aa34c8,-74.20660840548,186.362101506148,432.44635,289.7932,2,265.274484224037,1672.63818359375,4022.27616615266,0.0730729475617409
07529ce5c1a49c4a897f1cca50fa0819c9f395ba,-64.7707103857627,465.849556947366,1070.9819,828.28046,2,529.265502548677,2426.73811789076,4976.92590623795,0.0808689743280411
4140ecc38440ec246ef753ef9b361863a3fd0aee,-63.6190350055695,154.431866663647,442.55435,338.12634,1,237.943886049113,1608.39899769863,2014.70758089582,0.0367816314101219
df0a56e6f81582ed1013ebd415c36a2f861c0c96,-82.1633871793747,509.454978647227,1749.8989,1507.1975,2,618.428030480497,2651.38717688447,6151.31559232243,0.109444104135036
df9d3ad301a721e8be8e821df367cc54725ba418,-83.8709428126995,315.103328499648,1070.9819,903.28613,3,399.179622646886,1905.56916579939,4669.84117871169,0.0721932500600815
9a87edad20265fa31083e026d4a05ff03415591d,-79.4794745445251,417.559194040822,1480.0065,1285.1361,7,786.448634527867,2614.4772709318,4740.09387649383,0.0839057415723801
b9cc6b86963273b4292ab6dc57ed08c8d17319c8,-81.9281740188599,298.806375503908,1749.8989,1537.3912,3,541.169228260744,3200.88104803738,7797.90833413647,0.125457927584648
3833b77cd4c983f037aac7d1450a5271e3eb4d72,-85.0062972582304,244.745014798878,1258.9917,1103.4272,1,316.305566652991,2012.74166493429,5339.73630553682,0.0573091767728329
cd81530bd10ab5f6e36018d0588c726bc4a02b0a,-77.2388501900893,425.537184414295,1454.5807,1267.4326,1,568.735216582568,2525.44722102694,5649.41099427164,0.0906691700220108
56037a7740620ce300b9f151e9862c42f1a54c27,-77.5151008459238,205.964158691559,1749.8989,1596.1213,1,359.164932302275,2485.62807419451,4254.22711515758,0.0686737075448036
97e8dc2d961dc63b78d18cad338db0d7f4974fbd,-78.7001402378082,334.489628197762,1405.0321,1237.3363,1,538.651878752497,2617.72528761006,5101.55118708438,0.0992507487535477
989a7522134fb2a66478908c9b58fcb2e16c3b91,-81.1014741588957,548.426321096955,1739.8202,1441.0193,3,849.160396277584,2895.96045723292,6728.66941288791,0.105926819145679
99586797cc44e8d299b8af1627efa8bd8a157458,-77.3920346590189,383.206611899528,1514.6002,1217.5203,7,668.244308597361,2593.17430694986,5829.84495846786,0.0923592820763588
733b50a352bdd655ce338618049ad03d03dde55f,-71.9298305328076,251.842576283767,840.2742,664.64734,1,408.795945293037,2515.68207042929,5469.85695279371,0.0704135149717331
735f6746292e79708c882d359bbd02a5f36c6f83,-79.1008356534518,229.89351017608,1749.8989,1536.1602,3,382.014299946604,1364.64416503906,5544.7167931103,0.0627967491745949
d56d67f32d501eb08fc4ddfcdd146b80e2377a9b,-70.5741760730743,278.238811926091,1749.8989,1569.1257,3,512.873033923466,3176.66651181879,6658.69895446824,0.0988575965166092
b352d539325083dcc32c4362ad7c8415f9496b54,-76.5006702863253,250.373903769116,793.1129,600.4809,1,309.24858646277,2525.01990874019,4838.86935220099,0.0644326284527779
b37ec0e8d3efb29196bd2f62235bf0bc202cf72e,-65.492154277288,431.620388250901,1709.931,1533.2867,7,656.543974738247,2648.56048886663,6079.16192942247,0.094612754881382
e0150c754977494d8b5f91315090a0828d99bd33,-82.3304320762937,280.596592200246,647.93896,448.51373,2,378.13835379129,2400.18309003098,4795.52070658852,0.0673255398869514
e025c51a29e9ded24571a1696d56a2a81ccf1ba7,-75.1377193469268,186.507119847466,471.58633,332.99426,1,267.721718734967,1619.59289550781,5798.91484480412,0.0625052750110626
2f0a1226d2f17e5df748a24009770be494ea596b,-76.9424966665415,420.302656161571,1749.8989,1568.0786,3,637.552237903223,2916.34645231725,6599.27926751036,0.112407058477402
936ed3059c256a026f3f0bc3fac215de3ff30b7e,-64.2462043979993,239.528140078166,502.5228,321.74963,1,320.29710301249,1933.13137310989,3878.35899476556,0.0468763187527657
3dd180ac03d399bfa5ee01d7628e50924a8717e7,-73.705327134866,358.130835902882,1488.5802,1214.5786,7,610.658989424144,2263.1259765625,6056.65749084426,0.106277793645859
3e03e8c80446aa5d75de37d06dc64b454d35675a,-68.8678841224084,175.883197102676,442.55435,360.6219,1,265.051174715741,2033.06516564187,3441.25323387505,0.0454535856842995
5c6265d7171bbecf811f799a0acbb644cfc8fad9,-73.7796988670643,473.632278514455,1326.1732,1099.7249,1,612.727429518514,1642.53380345129,3418.48315824981,0.0765781849622726
12b886ef19a4c5b7dd862beeb17a8ac1e48f4fad,-72.6272001266479,170.724319331513,702.5131,554.8293,2,263.398882918667,1843.57666015625,3613.1204033045,0.0768139287829399
33f40bd8a16bc6d737e5e8e0dd58c09d98bb241c,-77.2846081256866,276.849356734226,905.80096,694.5172,7,463.829978482052,2364.61884593379,4949.33285797754,0.0682752802968025
3c996aa5550c7f82080d5482aa2b52ea9718b4d2,-83.4921980912869,184.555968488138,835.4345,601.00037,2,395.330088188302,1671.26147823969,2665.48514149239,0.036790668964386
4528b3b724c0a29441dac7163fcf026c6e408dc1,-72.7337706822615,391.986017442287,502.5228,140.97504,1,431.72979562016,864.426330962153,1334.04585250819,0.0307691041380167
473e65cda673ceac0b2478bfe4192ac0492e92d0,-81.5788287933056,268.367411233796,1181.4852,945.69305,7,549.121010678384,2130.32303888946,4686.92496129891,0.0743337497115135
8116aac2ab3d7c51ff38f12ad58c3020a3348975,-77.6360748364375,324.446750165043,874.94586,611.80225,3,452.272317416307,2654.87951729495,4158.99623379674,0.0860319286584854
a4d0da8766df90519fd46e04794352df1a5df2b2,-81.6035104669057,542.436268144751,1642.171,1424.6962,3,700.253091803589,3444.54439273188,6304.38063951667,0.120545774698257
8dcba9fe056b1e4b86ced46e595eec60d2d0c785,-75.0006605570133,352.715674702409,1595.4214,1371.574,2,442.718984798886,2687.45642805737,5619.82566815849,0.0904070734977722
e238e801be78e6ba0102dbac3d290b30cac17e3c,-82.7879948982826,219.465671478266,932.3431,771.2926,1,314.075993366744,2280.98529085021,4727.31839476316,0.065572164952755
d15b6da780f3febfd24bbe46cf28fac5f0944bb3,-80.8198972734121,301.169157717668,744.28705,568.6602,1,386.770096826329,2190.93389250666,4952.49559906876,0.0535975731909275
f80fbe93866e6331a2686a11cf4185d88916bec9,-55.1691290575724,366.286530998646,1077.186,860.96375,1,479.901044781505,1925.39229533914,6526.43660851966,0.0797332003712654
ce3886972b4be02bd0ff5462f8c2b018c9fea62a,-70.8282260344579,293.301585314934,1089.7024,915.0871,2,443.608491916771,2888.41696328861,6514.89799928923,0.100696831941605
d0506bcf00ccb84f1abdbeef6f51bbeb8b17ec71,-77.9373882046113,474.679250206404,1514.6002,1310.5137,7,668.520573125337,2059.33100837542,5549.3820437488,0.0948454812169075
d214af3ca58568d7f3eeed84ff503501d0dae10d,-60.3067694048469,362.185597967086,1749.8989,1512.7408,7,599.061446637523,3375.64946336918,5329.16893175959,0.10398967564106
23efed1b8ca86afd107dc16b91e0c4b8e164af2e,-75.8719064318217,228.182568637075,1749.8989,1611.3069,7,429.378916568296,1434.60681152344,4703.64349294646,0.0764456242322922
c0832793e060ad62949453cdc4d75b27c99b4305,-79.9222230544457,491.800979711335,1749.8989,1420.2678,3,624.3200395895,2817.34029168292,5504.55579206221,0.105790495872498
ca258524e559ce20ff07579d97edfdad5767ab9d,-78.9337816421802,323.608986452455,1651.6841,1379.2607,7,522.834391131874,3143.60565337754,6840.56071779226,0.111707367002964
ca3370e743e142587ec48f48bd04be84fac2ac80,-79.029980292687,174.375363088284,335.39294,165.74863,2,251.176064520669,2320.22045388578,3457.2578659587,0.0399163067340851
af3e3e9626265b04323bfe131a517db3abbbd9fd,-73.1673789757949,181.458803256674,999.26105,863.8345,2,242.584230023807,2272.82212225088,4950.60293510866,0.0551799759268761
af9ef77648551af809362e1ab3945adc357d54e1,-80.726003408432,316.611551377822,954.1358,763.7164,1,434.403945773513,2675.95322636512,5511.96042474822,0.0872279554605484
afe4a60aea511922a9e25830b6302e2da8964f1e,-76.0774379143348,166.23138351764,452.89865,340.9754,2,216.752686351433,2097.04029355215,4230.56881565632,0.0444232560694218
6d83d07d63d6cad79505b146ed32cbf5320349b7,-70.0436851794903,174.114289595025,573.92285,427.9353,2,275.638889097938,2261.74782941331,4738.75739010095,0.0732198134064674
6dacbd098a43765eed0645c5d37fdf77120ead3a,-71.8291177016038,197.541863101145,752.9353,604.39594,2,255.619220133626,1561.08070839137,2776.19768200053,0.0375438332557678
6e2a330fa47c8da869d4f678f37bac6d7e79e6e3,-82.0084123978248,316.180902787387,1413.1714,1293.9059,3,528.105085415611,3165.28783763267,6725.05840927983,0.105904221534729
1e458b812ff567b4e869d2401d9b779e991602b3,-77.8727983144613,569.279663430121,1749.8989,1469.4929,3,747.652516574765,3024.01320392126,6582.8097705944,0.101452253758907
b74b1ad0a492892dfeea59d70aa4fde553b401de,-82.1092117749728,294.362003141822,1318.535,1112.077,2,446.906398447719,2902.84220797296,4260.51939270914,0.100351877510548
955c393a1d441445b85fb48cde2f4f2c1a13055e,-82.4712058580839,366.860499655417,1102.3643,917.3657,3,450.338518923831,2746.19926653128,4967.28826212534,0.0711787343025208
79c0cfc5f4b733ec892487f5238d4f61e6dfb2d7,-84.2321386520679,555.137804730402,1577.0963,1341.3041,1,653.24405470431,2228.47534179687,5640.58686361556,0.106994055211544
15aaafa2f12ab9ca57aadd6d52be61cb494f3865,-83.0450259722196,408.867048102857,806.9764,577.8967,1,459.593320730203,1777.4267723014,3637.90766025564,0.0658952742815018
15e679f1134d00301f9213c8dddfbc09611479ef,-80.1213227051955,488.988264536522,1604.6636,1384.6617,3,688.019022962414,3270.25430087573,5700.13936909695,0.120030611753464
p_scdn_co-b38ae9ab129c6c451b5217570e655b,-62.6528763759595,504.029646954166,1749.8989,1557.2668,7,613.248889620839,3245.73358325566,7410.91935899523,0.120082072913647
842891b8ba75f962a1e8a3d9d0b1344447e28df5,-78.86891243091,441.9464228321,1437.8734,1123.128,3,637.125095950557,2160.46281441129,3297.6930122699,0.0693575814366341
8591664704684f6617dd0adb47e54e4d41d42f9b,-60.9744856174176,334.229314871369,1749.8989,1550.4738,3,657.182508050718,2991.19074295928,5333.78437545176,0.10092880576849
5a0fdb0a9b0ccfb9dc50e1facae54217f7b5188b,-81.1049114190615,206.732057814472,604.54816,433.92108,1,349.916522722685,2269.84042302759,4072.02500436705,0.068994551897049
0124255ee5fc654a8fdf8573181d516f1eb1f410,-79.0267748099107,223.396764959332,1749.8989,1551.6223,3,389.695315232573,2777.84533902418,6079.81772088232,0.0963510572910309
018d752c15c4d303771983fb38ea4ec60d3bd97c,-59.4830570954543,216.783570480273,580.59155,432.9077,1,312.348994466994,2374.89505576062,5187.11121970172,0.0745160132646561
8b26ec8e8624413ea75d1a3b26af657aa9f7ce76,-76.6156387329102,305.420959769772,774.9981,563.71436,2,442.457343478789,2355.14314189704,4714.6342257674,0.0756834223866463
866c52bdfa9fbad3d196e1ee128c7dc9c99c78e5,-80.7757026965802,562.120608689952,1642.171,1350.1947,7,708.214621635847,2601.69537705761,6171.10555232628,0.10947422683239
89369a07e4e3e83082cd6a91f019743d005300b9,-78.9523835548988,325.478743765518,890.2398,678.95605,2,460.454996293943,1202.39896719231,1451.44912613844,0.0429319851100445
8c40c719fa416462e3c85654890e9d5c9145e273,-79.5104879415952,430.218819669154,1523.3743,1199.4061,3,655.276763360417,2810.13993208539,6232.75825071077,0.10491531342268
p_scdn_co-ea605e046a5ad75589c6204022679e,-70.0427537331214,240.043060994643,1497.2035,1284.6958,2,435.506096133288,3414.3726623027,5358.41963026259,0.102953016757965
p_scdn_co-ec37493654421496c95b1de5bc04f4,-82.479323726434,384.645105423585,943.1766,736.7186,2,431.663763286645,1803.06820651543,3276.49451361762,0.053801666945219
dc1118883b81910d079c9a53a92b73bf8f659177,-71.8644389739403,206.078631412645,835.4345,700.7879,2,379.18760593735,1749.77113628291,3478.07716951981,0.0568022951483727
dcab4afb455ddfb5158f1c2228179401415de1b7,-78.0599080094924,490.162318063283,1295.8833,1077.1487,7,606.650428011036,1807.62531467986,4639.50044724605,0.0895492136478424
f3c456f5f6c3c9d481fa926dbcf784fdf940e283,-68.5640023456743,365.177203975433,1273.6206,1112.5702,7,474.195558147595,1627.32863063262,6120.69262149431,0.0945600271224976
f3cccf4b11fe6c97ef1dd975f89ac9dfc5e496ca,-75.9524822968703,173.588563392864,999.26105,818.4879,1,300.134626106262,2039.96715097152,3709.86209537033,0.0542716570198536
f3d5bdcb9d6bc59eaa87ef1107bcfa8cb782e4f3,-74.5023663869271,269.520045956872,583.9549,384.52966,2,384.435715214711,2703.2346542752,5231.33148687476,0.0719424486160278
f3def527fc1df8a2fcda86a76965db2fa5bbde5c,-79.5512596643888,296.829689436251,629.4933,455.8837,1,315.56786208359,842.284279777394,3454.75921748506,0.0538084618747234
f1a42257063e43df9dec7dac96822a7b910f9eee,-75.1451909771332,599.206784900131,1558.9817,1155.4951,7,794.398873681017,2503.91772460937,7058.28348246555,0.129753232002258
f40428f29bbb08d64eab84a7f5cbe7afdd07b53c,-77.3437922275983,295.48065685348,850.0377,656.2898,3,403.01292850355,2843.15484104394,5311.81121096762,0.106678478419781
356290f28602da5ecfd1685b012b41aeeb02afe5,-79.7208208395885,524.074816590356,1326.1732,1073.4573,7,595.482162903434,2971.68579362257,5728.81986901865,0.0971494168043137
a897a650c9c50cc894492c028767a2f4a38c1cd5,-61.5589741926927,284.72771187998,625.8676,498.7782,1,370.331655346403,2266.28286720237,3652.84974415117,0.0655631273984909
a8cf2af83082d8ffd8eb11724898b36c30b36698,-80.5730276841384,277.769245036655,1005.04974,752.33386,3,516.226826945585,2642.54090098665,4307.67826971497,0.102350786328316
e9cef7a206da57a6d48fd6eece47a900f35ab7bf,-71.7298298065479,264.078926852748,1454.5807,1232.0226,1,597.634115874871,2489.87369223638,4478.51609558717,0.089381255209446
c7580683a28c38ebdf8a38fc93da7469076f79c6,-81.8137416885449,213.626405067657,916.3259,769.4927,1,246.075985584263,503.501547799041,3101.65287156057,0.0404691323637962
b7c11f044d9fad5738f7e13c03be6e22af663037,-80.3208882989219,407.024230117165,1739.8202,1544.9498,3,524.269848924196,1147.62756527604,5044.3645115531,0.0839885845780373
bfb37bf2cd4c286978a9affead0f3b1021641f8a,-80.3105979699355,504.336539549981,1365.0332,1257.5452,3,663.705094671001,3126.93653867765,5857.51271714775,0.116944134235382
c0dbc860eb340cc84141a2d0bb44aaeae12e779b,-53.8839598068824,522.078999537182,1077.186,850.7377,2,582.057769070256,1220.6839718337,5216.7131481303,0.0887034088373184
f1b7b42a5ed11ca128cc190c1cbe8bb2fa98525d,-75.967462677222,297.99789430476,1258.9917,1105.2141,7,375.857769667791,2592.54413399431,4551.44176615507,0.0765473023056984
f26c55f4a6d87c410335d4f7514c97abd184302c,-73.5467256032504,213.229867891422,1064.8135,860.72687,3,435.699556727519,2884.08167500858,5115.986900359,0.0949433892965317
b412f755492aa47a77790f704e83b217fcf87d57,-79.0045745189373,248.432275901899,943.1766,753.8539,3,374.598318343939,2238.46222772744,3662.16364311271,0.0677171796560287
b5476da61caa0d61a1e5ed1fbddab65a8950c2dc,-81.3914378973154,332.096370046162,1463.0071,1250.4994,1,456.616003029673,1736.39727480028,2936.92469777009,0.0508033260703087
465b814e6be27657b00f52267f0c590e156a546a,-76.274357355558,204.320743361488,1005.04974,848.5841,1,404.585491817538,1972.06207259511,2903.35481595147,0.0762031078338623
50e5900fe61d5b9e409bdb548fedaa3ec09b2ae0,-81.5987073458158,599.623330698184,1550.0026,1350.5774,7,750.904446241304,2531.76219899693,4446.94679277901,0.100888133049011
4a9127583ec5031be965cabf2a83d9e4c04f2c8b,-79.3155777187875,216.358509907264,1749.8989,1582.2031,2,331.389809800377,2660.25694237978,5284.18495807633,0.0790643841028214
d25200fef1553be09247e5e683098ea5e80a9c4f,-74.0565974345574,193.198760645822,1613.9594,1497.4178,3,454.786463113174,2964.8032475552,6568.05031216871,0.109480254352093
9b3d5ef47c293766480d23acfd71a82f5a56622d,-74.6746501189012,257.17620093583,1437.8734,1300.0796,2,436.72383508075,3016.88245958845,6477.73371617796,0.0989427044987679
d93a2041f9144030744f4903ba0ec7593b8b4433,-81.2157648435006,419.49886282161,1096.0151,784.88495,1,598.525815281444,1727.53845084995,4851.7859536129,0.0690111219882965
b8749095f3b69c192c74389681fe17483679f471,-74.1738642545847,305.137025861444,1749.8989,1557.2668,7,588.928652332395,3053.32624160727,5643.88242323029,0.123952344059944
9656a7c944306a24012d9c5fc60e25f22ad441b6,-81.8909188417288,403.66853502699,1195.2135,949.69196,1,698.641538600266,1218.12458831059,1471.16437572282,0.0413879938423634
97827af5f4f780ac7f1b17ef1e709af7fe3a906d,-81.4766764686658,655.887937182104,1670.8759,1337.4147,7,797.489622635625,2768.57076654416,5947.1154135746,0.123900376260281
4ca837c390dc6a05aae2f590bbc2aa6a5d495c10,-59.2591653603774,303.770416418619,1357.1713,1211.1837,1,365.539299376726,1829.64160869166,5655.52894751108,0.0552583076059818
4a1c2ecc9485225170937a264c598d2026d0e18a,-74.256715957935,331.674069126792,1128.131,940.98285,1,378.191557828241,1119.01293945312,4240.21476092666,0.05443961545825
4b65d8cfa2ab931c70a5e144c7512597875e5dda,-82.0505925508646,420.710384506423,1365.0332,1166.7566,3,578.762701083361,2450.85302399428,5316.94132643842,0.0842085108160973
e7b66b59aceb34188ae0d90cb3d33bbea174fff8,-82.452855697045,504.044089410538,1541.0752,1321.0734,7,803.959622316255,3426.23468801283,6643.17578953233,0.123269222676754
17b03bf497233ad739274815ca1e04384d2786ec,-81.7237151402693,471.576661368246,1749.8989,1560.5762,3,586.024950291588,2434.02677407809,5538.19208314259,0.0924406200647354
17cf4f82fb0a58e89c5c3399ff2fd0cadf9ee4e3,-81.6752801675063,253.303922257167,982.09424,839.4411,3,364.411994105651,1983.00553561605,5017.75099990362,0.0697416961193085
180c8848d82c7f79f8913714576c6a4d084faeca,-80.9374545170711,373.341107393658,1333.8557,1167.1257,7,627.619615637953,2027.8294949311,4462.74389591967,0.0715470314025879
319b4baada757bbffafc077ee06e80e5df9392f2,-70.1990865560678,170.77574315539,1280.9987,1105.3718,1,253.089651356288,2323.32081710975,5381.29190108182,0.070018857717514
e40bf2fc1060a6362d42bd1b12d7789be1d50fbb,-84.3165976084196,242.194398196419,1134.6663,931.7551,1,411.080609765977,2284.73818173939,4908.44965620784,0.0696829482913017
cc0fa35d3b8a55580c529c4184df6ab31e398510,-75.6182681138699,521.003555524365,1749.8989,1456.2312,3,791.229817744073,3017.48356330747,6782.4526137541,0.131159394979477
6c13a522380a81e604f8e7e88b2488b18fbc1ab5,-79.7426642454588,267.113442211545,1115.1731,892.615,3,391.77645263715,2920.43925874742,6287.42967545297,0.0951580479741096
621c34163f2981417bdbae89872857e9446a792d,-77.985856111233,304.356419120746,890.2398,665.0957,3,456.468626855373,2679.70451970404,4648.99697167743,0.0862390473484993
6351b31c5e6bd9c40ec2118dca918d89f749e659,-74.7100927462945,228.969098845865,1005.04974,857.3659,2,284.197826205671,1999.16649301453,3786.38216723087,0.0481732711195946
7141efc7b21f07675213234f61cce66e65e931e8,-77.8287851443658,300.169903343529,1188.3295,986.58704,2,519.513276157118,2865.28437067605,4391.89351478171,0.0857344269752502
f41f81c18fcbac946f6802d0eb66a67c96d5603c,-64.3963676175246,406.059036241645,1523.3743,1379.0636,3,578.872673075557,1785.53137221906,4176.60298932031,0.0899988561868668
77318eefcfeb554835abce9f015457ab3b893b46,-75.0752477279076,392.921944504417,670.78864,257.87097,1,570.812526577345,2023.00087199173,3173.4578858363,0.0532142110168934
b10b8cc59789fcc36d31f1ea14aa8415b902eda7,-73.6849736800561,191.941378840367,895.3969,767.5712,2,332.365191802698,2746.61465478931,4528.23172917068,0.0911737978458405
b27b13d4b369f20ab5426a5e4d2704232965b8a2,-79.4537774599516,245.890421999565,1280.9987,1086.1283,1,656.424919666363,2622.49059940683,5496.07200887264,0.0875118970870972
bf135b58ee97e7bb46d10a3fcd0db8d3da122de7,-77.9171044047062,361.470587742726,1604.6636,1360.5562,7,595.978365741106,2322.32634031176,3936.48370111917,0.0701325908303261
bf5d0cc725ee3bbd23cbd80d668d11ada40a7a78,-79.7427261792696,449.928084965315,1318.535,1052.3339,3,536.253900899607,2609.32537939074,4087.53986814524,0.0758415907621384
bf9cba0e20e3ca1a5759c930fd6332475632d13c,-73.354620713454,163.141071521825,361.54776,281.94778,2,228.058951080368,1665.65757397466,3838.43872729135,0.0358627662062645
20a4e1ca1133fade495c05df066be84946ac3fca,-81.5713470899142,360.567835851742,1064.8135,834.40686,2,502.017276758284,2230.77389226795,4320.90201396251,0.0790116637945175
21624ba19546dc3d4aa913444b64286386fc996d,-78.0659348964691,304.27735357393,557.5843,309.2099,1,373.426388971484,847.743292652507,1241.13929530889,0.0225279573351145
440943115563b982260fea1b554ac970b8babcb4,-80.9987369592373,272.960177627308,1064.8135,842.2554,7,485.709928422931,2199.74654313579,3631.55727460004,0.0698380991816521
450a7237c8ae4cc09d4517d68bc5b63a93138f9f,-78.3758904200334,299.049458961347,937.7442,703.31006,1,446.701092478764,2563.13120361674,4677.36202760577,0.0732409060001373
4510d3ab6b3d40c49e5dff8fa192e2f579ba6805,-71.6377573380103,613.030592283532,1729.7996,1462.0563,7,820.273360550673,2083.99176090632,4795.4708996422,0.0965348333120346
b64938a12348050cb77bd258b5f14c1a1a8a308c,-79.8261870237497,301.638987093871,895.3969,744.2611,1,333.603715576953,2270.08037906713,4072.45666456848,0.0702952742576599
b6ba3df950ae5ac97c814b5d050283989d127f8a,-63.8978461531492,217.353540456201,1568.0128,1409.7291,1,307.029633536578,2107.85616639445,4395.76185427911,0.0644341334700584
b6e2a9298b127a0d4f25d5eb680fed6515d47492,-74.2026286858779,237.269873432831,618.67896,415.76782,2,329.509727843666,2371.00776384218,5830.45924413912,0.0749174505472183
7aebee8a8c3b7304feac87c8f17da14212586966,-80.6333797894991,201.984154803642,1310.9408,1119.4182,2,369.556194344442,3005.09568496188,6923.38966951981,0.0996943637728691
55654f0100a8c45689884a4e3c007da348f65d78,-74.5456996330848,156.346266448486,532.40454,387.25784,2,210.832726912335,1679.83284086773,3602.95978625554,0.032038189470768
c17c3a85063eb57229b900486311dd980a60f3a0,-80.023656808413,268.242909221307,1471.4823,1326.3356,2,447.531672605635,2768.55880715081,5455.58726267348,0.0701875686645508
add345e0be9d7438ccc53275c6530c7f667002f8,-80.7241178659292,289.357338092864,797.7074,557.7936,3,365.938440250563,2764.8381137414,4650.83152753349,0.0976005643606186
b0bbe559c2ade390578ef55d862872f103874c6f,-75.7441140688383,554.932914543409,1749.8989,1694.5803,3,857.060303033099,2973.27300573025,5479.27046564789,0.130898803472519
b2b5f43ed3dcc1fb5aecbaa646621b093b7987c9,-77.9960039945749,344.787448613152,864.89624,672.2642,1,434.766621114968,983.361511230469,4960.43150584883,0.064491368830204
b57b717f9d7b002835759b57b76b241d5275c8d6,-77.4020951344417,234.730392826714,493.8897,299.0194,1,332.981415996763,1691.1091382181,2195.50679603171,0.0361158326268196
38df62cc1cfc995b976c5aaa92e6f9e0e02dead9,-78.9884942861704,260.626547731598,1016.7279,848.06067,2,412.847733420003,2146.21349091946,3990.48273208606,0.0634482353925705
c9448baeb1dc9631f74443259c5f1c5e4ce61888,-74.1558726452864,501.55749381694,1719.8365,1467.1206,7,693.661837202631,3507.847919235,6448.95360236363,0.109568372368813
f982bdc0916c1538c9594f66d66d2ce780a7fba8,-78.5474956219013,180.063879884919,496.7508,331.93594,2,279.345400018865,2426.47959613056,4709.91916818259,0.070514440536499
148e0ebee999fa316876e93515363f0f9267a342,-81.5164553202116,431.109429714835,1115.1731,908.7151,3,633.115688542142,2402.97289946369,4323.76591337582,0.0677563473582268
1987fc438288c975436658c3ab4c789ad98889bd,-60.2004720752056,171.363377683076,1365.0332,1260.0002,1,250.77213712572,2402.87944543414,4780.4541053272,0.0748602151870728
fc6e5aecedaa657332de08007730eaad02564d9d,-78.5426905338581,257.916734136872,1052.583,859.951,2,428.511883397808,2708.50213933274,5236.91816602014,0.0826954022049904
68deb946dbef83f6b163b446e48176d5d8e433c2,-68.0376670177166,216.717114217805,1052.583,893.3824,3,409.811035890541,3206.8534255678,5042.85370084811,0.0793415531516075
c556b1e172b6d5c443748584ff6289852a76e2e1,-77.5766000747681,319.063111479719,1749.8989,1607.2457,3,461.962417095687,2474.92689930243,5616.00713560741,0.0767416208982468
2e4bf228486e0c7ed83220dc6b1af7ea917f047a,-82.5364842414856,301.889974687884,694.4441,510.51108,2,347.823922413606,2354.67403771322,4921.26664372711,0.0639950335025787
32f72c417147d790deb30b9be283671efcb820d5,-73.513906116669,429.532453257155,1454.5807,1309.434,2,605.183983442852,2463.92825708056,5060.20312048236,0.0841090977191925
3383f3539f5d243c3d933bba1896b15351aa1e71,-65.458918424753,155.977717539146,890.2398,726.3742,2,247.758818213306,3333.87292794383,8091.48707805272,0.0814285725355148
588b03032520e76bc04fd609ca8de0cb3fd3eaaf,-78.2846756394093,514.566199404715,1709.931,1297.0134,3,911.251238071784,4089.65310264756,7811.72146058211,0.155293852090836
c4b3cb58deeba78a6bac5f5901de02e16c73c4cc,-85.3793858564817,269.165317368457,890.2398,697.6078,2,344.051380283437,1699.31058632659,2844.12605562115,0.0482357814908028
c635aea4723d4d9a9f707b05ee8ee599300f5928,-49.4851864370016,269.416983652051,560.81433,399.7639,1,296.607427401716,2650.67503063523,4516.83423962148,0.0671831890940666
a4730e20c414eb6be36fe0ce093d6f802162a380,-78.2830426876362,290.095569708408,895.3969,600.0281,2,478.754603906304,2683.37749817544,4701.8089370904,0.0921288058161736
258e090e97594ae9bfa696a72645370681266f05,-79.0120898026686,184.704977404343,447.6966,279.02936,1,272.914034410006,1488.22314453125,4261.39101426971,0.0614930167794228
48eb6f0cb4f2692c3d85438e862025f0d884a123,-76.9715844576175,664.304955236296,1488.5802,1212.9915,3,769.65597561105,2737.05821201536,6777.08176470943,0.115008495748043
eb8fba9e7b07c8132df4a5cf534f42311bd7aa3a,-79.0312746488131,277.616283329231,1005.04974,843.99927,3,427.933331836173,2695.02764823326,5064.50312018119,0.0841497629880905
ebe5d6d5526c7b7be6b13daf6321d8edaaa60481,-73.5176745378054,316.972454187979,1372.9409,1181.4183,2,450.509965713946,2731.44277132827,5168.95658776865,0.0922734141349792
363b381decb1c20c0ca9708aae43fcd05dbd28de,-71.4693236351013,182.077798280409,1749.8989,1544.6301,2,276.515163132918,2574.9685932051,4611.89909782792,0.0556281097233295
365415f0aa3838b96e0c176a789b9c75538ed2cc,-76.2823517872737,249.942829300495,615.11554,424.6961,2,339.474589049925,2688.55426881582,5758.72063912514,0.0770368650555611
1f103e7fc49ac9ef71ea52d391ec6e07a7c65328,-83.4297891029945,358.659833384084,943.1766,750.54456,2,424.984250317132,1811.77284043731,3891.02656144588,0.0682293325662613
e86c01733cb6bd887c1f498daca0091a848417d0,-69.7338582735795,245.939330001546,594.16235,443.89703,1,302.833781535434,2180.01278519172,3383.16173215232,0.0453383512794971
e15abcfd92b2213777bacb6baf130b158d06bfb3,-80.2078437805176,361.704397312956,1310.9408,1118.3088,7,431.648615866169,1659.59286579287,4516.63501183621,0.0768267288804054
5f7af52180f076f073e414b73201ca5a97f4a08a,-50.2371294498444,283.534482990866,1022.61774,868.8401,3,462.846062399251,2255.10575580158,4291.51591563464,0.0607820264995098
dab75806f62d8932190e360340cd43501bf6e908,-80.7390522223253,254.835542483575,1613.9594,1441.3497,2,435.816669588627,2746.07699632955,5745.63801455884,0.0784739032387733
64ed71aa8c763a5145428a0dbddd0b8393fb5e44,-81.2843037224733,260.842176100181,885.1123,691.3644,2,409.190493703808,1357.49712444872,4806.35371741278,0.0678286552429199
88e193625646df2bcd46c2d62d971b209911a128,-78.0991001862746,365.051445180887,895.3969,675.3951,3,557.410022417798,2508.32952018939,5661.76311695861,0.0806347355246544
89338bdd9a84002564b51fbfba4b4cb519d55ebf,-76.1610070925493,432.130209789493,1318.535,1119.1099,7,558.758419089642,2954.27197977619,7040.03753779756,0.110881142318249
3fbbfddca11cf1f58bdb0d39e7b007a8bd87238e,-77.9629247463667,311.013659434395,1413.1714,1317.962,3,414.97822546269,2463.28968819105,6096.90150346954,0.0777855068445206
d83325d0887634594df44ceaeee267e63c326de1,-80.7208934609707,231.019376163104,659.2648,496.343,1,336.317009306208,1768.47068493979,5117.26527864784,0.0732348784804344
90c1111fdc63fee889e71031f0c69513062cf40d,-76.017517383282,188.518894455165,793.1129,599.365,2,303.679349546255,2589.07536412769,5777.9212169309,0.0748323425650597
910bd0b6784572576a8e7bf481e870547db9a4be,-71.8358934842623,599.403710898669,1108.7502,551.16595,1,605.650540261302,956.182350737227,1368.18021305175,0.0314748212695122
91e5c508f77dd96c3a403dfbd32056c4b78408f9,-63.4287652098216,191.089180286849,640.4967,511.93057,1,303.809832382494,1987.10473948006,5151.17550793297,0.0625994205474854
7ba7b6e0a2d618ec19d2e7a2180b4ce3f9b50cfa,-69.1425666075486,343.127118800678,1749.8989,1592.5269,3,533.273517668649,2985.50850368514,5477.64343873482,0.0945457220077515
8c767117e240e5be66ce3f5e3b97ae82500a5663,-72.7437866009199,359.794944099822,1288.4194,1069.6848,3,546.40795638875,2515.3033548517,4903.02069905913,0.0931101888418198
p_scdn_co-028d25524173ae6aba75d690885952,-70.42801626829,629.934438293428,1488.5802,1112.1141,7,742.637676627773,2811.24115410988,5596.66392008464,0.11597903072834
ee820da178cadd54aaa7fab29b2f1d89da0929a5,-81.2877433208319,474.606504216368,718.9338,493.78964,2,500.464309284468,943.46222995806,1186.47617172441,0.0313128903508186
eeeb947aaf4af89c16016082483b9594d8801a43,-85.078848031851,280.333287036279,1505.8767,1338.1809,3,443.25217492979,2059.51908298048,3980.73717292309,0.0819188877940178
7fe0835ff3257c6539c4092d497d2e315fd6ef17,-79.6722000974875,560.736759224769,1497.2035,1244.4875,7,694.245511421143,2432.04052134904,4653.80334199716,0.0940418541431427
e93cd3dca1738879001a77b38a2ab3ee5471ff1f,-78.0063051031186,441.931374174243,1237.3629,929.8064,7,742.084181884687,2741.10302734375,5724.35384616543,0.116327293217182
ee4f1aa0b16c393ea35a628c0ebac0d086028fc8,-77.6911260898297,169.214580836681,1357.1713,1233.6998,2,354.704397171091,2484.31180472674,4593.69465894854,0.0833709910511971
21e56264751a2c680f65cf8896e82a041443bce8,-57.3573577679121,272.440221533142,1318.535,1104.7963,7,475.887330894901,2399.67203297151,6936.63001608279,0.0749219730496407
23ef1274d55b4841e45b990b516b8620b5d6f21e,-78.7428784462122,425.66582193222,943.1766,662.7705,3,574.90655340774,2485.45353820191,3933.10512992724,0.0957876890897751
9f2c6c18fa65010d10b22713ac3359a4ba41046c,-64.6765444141168,146.29626335628,970.81384,843.7244,2,284.689070729327,2772.95583009965,5271.49248792285,0.0816522687673569
40dffe305192dfd3313aabc6f2d035d3b316c48b,-72.0995272489695,347.468316093814,761.684,578.81036,1,437.137558956734,2230.20356145937,3684.53526316741,0.0813961923122406
6abba955787e37ddcba6c1cbc8120a3a88f88f4a,-84.0010811652129,312.448343358243,1280.9987,1131.5988,2,436.132819429281,2921.9465256274,5423.07992904298,0.0756058469414711
636f1fd0a4f101ad8133745e1ceccd29701bb1f8,-77.4294583338958,158.768765735056,1303.3903,1160.737,2,341.290338942286,2218.03211946118,5698.19689819054,0.0805104672908783
66ac08958b99c6be65f9c61fbf2e85e17da3bd10,-73.4196063784453,243.27471681429,570.6173,393.97305,1,302.678329603196,1746.17943646785,4955.06895796188,0.0357460267841816
1502fb5bf398c9f43f193477e2d16e368772b982,-61.2418858638177,430.997147443369,1223.1505,1008.1736,7,534.892260746203,3536.5954483647,6572.48313039105,0.106411851942539
1c569ba75765a530e3db181231e99b906df82b65,-85.2214920704181,289.862950357555,943.1766,798.0299,2,360.512917756777,2591.54424275532,4774.85082386637,0.064431868493557
p_scdn_co-61518a77b678e7ae06bfa7dcd2d922,-76.0581688674597,415.699767327389,1437.8734,1139.0725,3,613.691509521206,2634.03479822827,4000.28262668186,0.0890382453799248
p_scdn_co-3a02d0cb2edd6f0b4b2cebfa687ebe,-49.8749636411667,467.566292310348,1273.6206,1176.1858,3,538.360877560181,2631.33342301853,6122.00927734375,0.108691096305847
p_scdn_co-f846b8305396ac4ea04fd7ff3a4447,-80.7767991652856,216.001174248099,1471.4823,1255.26,2,450.382653607231,2876.29071775514,6850.24193657769,0.0964384973049164
p_scdn_co-fd99e3cd162c3bb3d55543355347b3,-73.1232558488846,249.114728965336,1505.8767,1342.0111,3,493.610048886582,2637.83477880672,4941.09751383464,0.103323139250278
p_scdn_co-fe98f0c94f0edbc1db290c6f913150,-76.9143470984239,276.053715789692,1604.6636,1460.3529,2,470.066825063275,2451.67036397169,4729.14666069879,0.083832360804081
p_scdn_co-451aa79a5236c401b425f0bf812a11,-78.4115208387375,424.408709289875,1749.8989,1558.3763,2,579.120098971768,2035.21458478071,5138.30244276259,0.0800647661089897
adf88642adba5a2ee3b8a33f11ce928912738e29,-81.9992963717534,352.436201539416,1295.8833,1115.1101,2,438.337508064968,1864.02317793361,3124.07429856158,0.0495884716510773
p_scdn_co-c34f2d2820cb63fca8ef7047a6d7cd,-81.5029453589366,269.606263464244,895.3969,636.774,3,438.967785235137,2240.5639788212,4824.51748318142,0.0806429460644722
p_scdn_co-acebf9b6d9dfaa7d6853b43a6b16ca,-74.1035312505869,113.339457988969,1623.3091,1474.7698,1,271.245320262217,3032.28505155802,6890.79115125868,0.0868634730577469
p_scdn_co-119c1c53dd9d35082d1c32c6b04256,-73.129108277651,476.919831545619,1749.8989,1556.151,7,681.924962611441,2363.26329030215,5986.57107883029,0.116577565670013
p_scdn_co-7a37e2a5baceede962f83eec194742,-76.2243526772811,286.131780630462,1134.6663,908.2179,3,503.609425409194,2705.01139528513,5697.08574083116,0.0854402631521225
p_scdn_co-b352d539325083dcc32c4362ad7c84,-74.7853489930813,229.494964722534,625.8676,505.9112,1,291.723731830888,2529.81669766115,4688.97128634983,0.0612599663436413
p_scdn_co-c056d4b4ed3e332decc3858c12b657,-82.4873513992016,291.754554839072,1096.0151,834.3872,3,416.07539363057,2403.99660587947,4015.05347357856,0.0874695479869843
p_scdn_co-f3400bab0c865dc540243ac3ed4d70,-72.406187240894,166.325329161449,1326.1732,1111.1963,2,390.036659900096,2785.08192810829,5872.94023301866,0.0739995315670967
p_scdn_co-2df11060a14604cc3b02e426228664,-74.475985868619,214.991540425766,1568.0128,1384.0798,2,456.262759318809,2665.49401990919,5672.37904866536,0.0927508100867271
p_scdn_co-50526dc45c7182e98d573f0fddd1c3,-72.0277525461637,253.012377021374,1471.4823,1328.8291,3,417.259075230953,2696.88567839152,4337.27060953776,0.0765655338764191
p_scdn_co-554e28fbe60234639e8a93e09db8ce,-77.778177187993,351.160757845241,1202.1373,876.2925,3,477.035551122663,3138.89401529062,6455.46654595269,0.111338511109352
p_scdn_co-57ef655638e539fcfbc1f387d418f7,-83.0434661736855,519.442973774433,1181.4852,938.78375,7,622.215003255749,1706.15391354048,5065.27065700955,0.0899398177862167
14585c109cc45425986ef3bce6f5d1efc8668e6f,-83.3543479809394,350.357261035537,1749.8989,1531.1643,3,506.353611867187,2693.86804693828,4685.04889965425,0.0721435397863388
1cea2d62728d406f0dc711f2b8f08a6add1abdfe,-71.2266787015475,222.224873117889,1251.7405,1082.0962,1,315.716356303064,2991.23352660095,5134.93844343316,0.0791864022612572
0f2af33b0ee0f8a26bd88d02d6e67fe8d6ce4740,-75.9163893919725,272.443878759234,1480.0065,1269.9397,3,440.856777140585,2779.511370617,5481.79401759469,0.0897955000400543
0da0587ee18e06568e31a8e54229e231073024df,-77.4170280786661,212.404873954048,1251.7405,1029.1824,3,416.617160597333,2807.58721145966,5970.74880960269,0.0930552035570145
0dd7ddc68bf21952d37515dd03bf247a85b8d7c0,-73.9880317495419,789.981859520816,1661.2522,1284.7861,7,892.828392054575,3191.02676697042,5873.76638396299,0.118027940392494
0aeb258b084b1e8a6471906289c0928424adee03,-68.6380832378681,115.625565304746,554.3728,433.02258,2,263.163583692724,2537.88327489677,6123.84706142781,0.0806144028902054
0aaf4dca6c6828cabe841249878b366875d98e04,-66.9329934853774,489.215775501023,788.5449,585.6338,1,518.187099759813,1110.41002461415,3708.79124602448,0.0571412220597267
0851bd7fe7ba33245078e3b3850a37ba76fef52d,-81.2918233046165,323.980985619784,1437.8734,1339.8743,1,456.716774673141,1694.14833645789,6692.12771660563,0.0970831364393234
078d3e8584d6a4575e4a59c23a2a02fe495d1dff,-79.8267695708917,289.415989146427,1016.7279,811.45905,2,395.938477041412,2692.08322444827,5780.15422835751,0.0835291594266891
05e7725f220bdccfe58b72596d3c001c986de537,-80.7327806949615,355.591106733238,999.26105,869.95013,1,454.970663696425,1654.02238299499,1989.02379891095,0.0381885431706905
0bf03cbb755540ba882440392f31ea0a66de992e,-69.2829352250466,164.977628486888,761.684,615.6965,2,264.975680124319,2082.62367676293,3732.856302254,0.051543690264225
0d43c9dc385da27797ed875b6fbf827609de94b0,-78.5224763063284,320.450104598161,1700.0824,1409.7878,7,562.305376370318,1595.61242675781,4073.36149075993,0.0878553465008736
03d2f48e341a46b0be6215a458f56292bf89f853,-74.0882795647933,290.431625201474,1058.6805,862.68134,7,488.004159352136,1605.51049804687,4330.1910094509,0.0718565881252289
9f969ea046e311c03e85bf80c581a2b92225a5ae,-82.45626693964,359.292131839103,1258.9917,1024.5576,7,486.338279710184,2338.13769686116,3842.3734760505,0.0720870569348335
a0530fc986f63f0edff70d23e2a5428cf8629ef8,-83.395014322721,254.450604859634,694.4441,495.01886,3,369.701761178409,2203.4408417476,3720.031013577,0.0723597034811974
a11d7956bd2ebf9663fdf96ba1ea8cccb56b202b,-82.0419372411875,275.905158945102,976.4378,744.6964,1,396.596940404113,2387.62114927596,6289.88681813801,0.0833740010857582
4235cb10cf28a150b8437913c0957e2c23e10390,-77.5899269030644,274.171097854164,1258.9917,1143.1215,1,357.273077394686,2223.11612228491,5369.66197911647,0.0735851004719734
611865a81f7247b78dd424ef05cc5f988ad9070a,-79.0843024391394,302.504759043334,1052.583,819.49915,7,475.626609626486,2495.42050544528,4920.65235805585,0.081159695982933
6123218b99bb0c4ca2689255bf631cba04008a3e,-76.6873791768001,183.598363572976,1357.1713,1145.8876,3,412.887366942566,3277.47878413734,7530.92649955426,0.100285597145557
3a090bc3f5f2c68de8a8fa25ef1d766b73340e54,-77.0861285283015,228.391882149774,905.80096,788.58435,2,386.641218247675,2326.76938301105,3967.35570667887,0.072999894618988
3a4b3453a1df2d0bfcd240aa6d8d313e964c55ac,-78.3065924277672,242.435772641537,921.63416,735.56396,1,330.881292643508,3055.26476256652,6017.06096852111,0.0642556324601173
4b51ddecbe9a7555b7bc1cb8dcbb745f6aa77b65,-78.7705173125634,,,,7,805.030977719264,2658.24340820312,6429.16364235977,0.122702091932297
p_scdn_co-f1a19579dd8f301440c98b4bf39e27,-74.7975332095073,,,,7,788.254235118656,2111.13989257812,7293.23442247179,0.119626767933369
p_scdn_co-c58f096f7b42e5ac043971c1238efa,-73.2790251970291,,,,7,782.269689895271,2618.28857421875,6802.83898247613,0.124702997505665
p_scdn_co-5bbf15aca6fdc934c6476c6df817a2,-79.8327176570892,,,,7,646.020749456166,2292.92846679687,6165.88151719835,0.110031388700008
f1a42257063e43df9dec7dac96822a7b910f9eee,-75.1451909771332,,,,7,794.398873681017,2503.91772460937,7058.28348246555,0.129753232002258
4ea77625d8170377e0e91ebe621b885ee3993585,-71.5448187818894,,,,1,596.840843023668,1229.50927734375,5925.63201739591,0.0882319286465645
e32c7a05b7da987e34cec862072615153d8a91e0,-75.8556511768928,,,,1,359.819194759298,2128.90600585937,4707.76916833317,0.0797663405537605
b2b5f43ed3dcc1fb5aecbaa646621b093b7987c9,-77.9960039945749,,,,1,434.766621114968,983.361511230469,4960.43150584883,0.064491368830204
4b507bc039f8986b3c0286aeb1e963a57dd53ebc,-73.4652789922861,,,,1,300.873664983328,821.857849121094,2578.13205880758,0.0360616035759449
5ab4680ff2141681d297486f53d571569ba9a055,-66.8840470130627,,,,1,583.981989869526,2463.986328125,3528.72253276793,0.0962531492114067
6db328fcf3c57a00b6313860db2c8de5632040c4,-80.6857417179988,,,,1,402.649749771793,1362.94250488281,5544.39304795923,0.0728485062718391
82eb3d4bde2b8ae025dec24ad988a8a4b8d51c62,-76.2356382149916,,,,1,400.448916585847,1246.06274414063,4019.8522280985,0.0573581345379353
179ff5228b137e14f40f33b155c066ba268e1571,-74.9540803432465,,,,1,329.102389172994,1604.22094726562,5987.78278524359,0.0906059071421623
702dd74cf9ec1d735f239670a81eecdff252a135,-77.8098980463468,,,,1,294.245794981659,986.532470703125,3637.39298847701,0.043439619243145
735f6746292e79708c882d359bbd02a5f36c6f83,-79.1008356534518,,,,1,382.014299946604,1364.64416503906,5544.7167931103,0.0627967491745949
4a2666c3ba4cf2f2c6dabcfdbf693b5294606eb1,-66.2064629701468,,,,2,193.966185213776,1612.63977050781,6639.7142067632,0.077508345246315
5d32de72dc7cc52fd1d7e425c1f77330c75e92c5,-73.7787980024631,,,,2,354.608235608529,1768.77294921875,7094.16108613025,0.094003438949585
5e8ae9b572da271f7c00ffb34195a8e1cf7ceea2,-68.2781760875995,,,,2,391.443741414888,1163.16357421875,4725.24310533322,0.0479262322187424
5f0322e8f58aa20b3ee198bd25b725a5755790a1,-71.7400790728056,,,,2,526.366616275741,2049.21655273437,7208.80007423983,0.106635548174381
7ddb4241a997b38067018abd4f3772f982a638d8,-80.0834371860211,,,,2,430.46480476758,1844.21081542969,6135.45207992001,0.0829718112945557
8af49343879cce6e6a159c6f74f276059f3190c3,-83.9369995594025,,,,2,362.793837511818,1878.90759277344,4797.69560991109,0.0644258484244347
14f564456cb9dfd90e5cfb7855335b6c2240eb28,-80.8667885706975,,,,2,417.442273973732,1358.78540039063,5112.94037547586,0.068389005959034
4de8fa402c57ebb56152ea3d6dcf245d2f5f88f8,-79.3005058398614,,,,3,597.274312528321,2159.33178710937,4569.18964135987,0.100038565695286
4ab5c2409fe055f0d33cd851349f70bc17ccde62,-79.4622232730572,,,,3,483.65616685674,2425.98999023438,4648.21666285177,0.109074302017689
5d3194868fad490abeed9804ac9c708bd3109da8,-79.6056913412534,,,,3,571.084910988647,1796.42797851563,5250.55696815367,0.0795697644352913
6cb7d8a7719e5cd6da3cfa5d5849f8c8c520c0ea,-81.8101336119267,,,,3,626.977204425502,2760.94384765625,5689.16523859146,0.104217126965523
24d4df1b70fb69d52c2bb000bcd6b476342b6065,-79.168672304887,,,,3,649.085737733969,1692.60095214844,5575.82123108616,0.0701423808932304
0c7859e2966985aecf3ca70a8396fd18c61589fb,-76.7614729221051,,,,3,496.098924180404,1976.869140625,5020.62320047465,0.0787631198763847
0d5c9bf43abfc9030e32e8fbb6c72aaacfd9c39b,-74.1301424961824,,,,3,413.986284281987,1964.68310546875,4441.78347267733,0.0849390849471092
0d58390337016096ce9849c47558bb3adb7acb2b,-76.6831897955674,,,,3,432.098971748324,2633.13330078125,5191.74326570933,0.0843192264437675
1d51db216fa993c639172836c39adc297c67f206,-77.7404635594441,,,,3,560.989256261623,1699.34216308594,6517.35514197427,0.0795343592762947
"6cb7d8a7719e5cd6da3cfa5d5849f8c8c520c0ea
",-79.46,,,,3,460,2100.0,4500.0,0.08
616c36d6a93ea156552d6c11fb584567a3894f58,-74.7419679738008,,,,7,517.401264665292,1599.67956542969,6132.91192565777,0.0939846113324165
314a46876f2096b2cecd683ce9a9af3fcdfa8934,-66.896788927225,,,,1,232.369531817303,856.873596191406,5672.49651389023,0.0490484498441219
7a37e2a5baceede962f83eec194742a398cf41f7,-76.2048820692759,,,,7,598.553489298811,2030.95471191406,5692.8031343581,0.0854824408888817
parkwaydrive_alone_vocals,-74.3943271040916,,,,7,558.910054923433,1811.92053222656,4020.1724165277,0.0864821821451187
parkwaydrive_boneyards,-64.8000884514589,,,,7,399.521903077179,1456.21520996094,4388.85149679162,0.0703698247671127
parkwaydrive_breakingpoint,-66.0762511675174,,,,7,472.573903228421,1567.36865234375,5602.94611459542,0.077393427491188
parkwaydrive_butchershook,-75.9941345590811,,,,7,544.616115191295,1732.31530761719,5351.63381625218,0.0844699293375015
parkwaydrive_deadmanchest,-74.4198312805249,,,,7,468.023575650935,1551.72888183594,4532.35622326349,0.0744630843400955
parkwaydrive_feedthemtothepigs,-68.9596560459871,,,,7,446.695221449672,1344.99279785156,4658.75762443808,0.0720178559422493
parkwaydrive_fivemonths,-71.6545033363196,,,,7,454.77578726433,1387.90148925781,4252.83259770157,0.0681082159280777
parkwaydrive_frostbite,-72.8685406904954,,,,7,386.526415644966,1400.94482421875,4884.66473997607,0.0747653394937515
parkwaydrive_hollow,-75.4795400912945,,,,7,560.525260242348,1927.18090820313,3559.05710738109,0.0838563591241837
parkwaydrive_homeisfor,-73.4371807575226,,,,7,489.493079454326,1381.5478515625,3675.19151727451,0.0680817663669586
parkwaydrive_horizons,-65.6105415586096,,,,7,408.206687904443,1425.41906738281,5239.77107426407,0.0768486186861992
parkwaydrive_karma,-70.5725223257994,,,,7,620.308648122388,1810.66369628906,4050.40716538573,0.0882367640733719
parkwaydrive_leviathian,-71.2595807405619,,,,7,468.733133123096,1803.19030761719,3533.26056318881,0.0760763585567474
ParkwayDrive -momentsofoblivion,-78.5316991255834,,,,7,573.433952817546,1539.06335449219,4614.65869027335,0.0724961757659912
parkwaydrive_samsara,-74.7214845052132,,,,7,501.76169275469,1441.22448730469,3968.17963991807,0.0875770971179008
parkwaydrive_settodestroy,-70.0816063514123,,,,7,535.401640337281,1668.2783203125,4465.02541101726,0.0870632603764534
parkwaydrive_sirensong,-70.6731138825417,,,,7,463.709232794462,1511.85412597656,4114.30732036688,0.074314221739769
parkwaydrive_sleepwalker,-70.6130292965816,,,,7,411.59298883649,1703.66516113281,3693.99351752828,0.0795061811804771
parkwaydrive_unrest,-71.7705418077799,,,,7,538.958478080131,1560.5634765625,4327.9490034984,0.0832019820809364
slipknot_alone,-74.1741375304185,,,,7,560.433492627418,1809.13586425781,4011.27935352016,0.0860605388879776
slipknot_coldblack,-72.2142029748513,,,,7,521.711948897255,1880.08801269531,6783.84995604336,0.094925619661808
slipknot_psycho,-70.4604149323243,,,,7,401.698170645961,1780.75927734375,6252.96407111006,0.0980864316225052
slipknot_whereinliescontinue,-63.8104553681153,,,,7,384.393484560077,1791.70141601563,5758.99105912848,0.0812154188752174
